date,close,volume
2014-09-18,64.0364,0.000
2014-09-19,88.4173,256.032
2014-09-22,84.6504,62.772
2014-09-23,82.089,36.736
2014-09-24,85.2908,30.218
2014-09-25,83.7369,26.931
2014-09-26,85.1872,17.271
2014-09-29,83.5769,23.827
2014-09-30,83.671,22.996
2014-10-01,81.0813,22.629
2014-10-02,81.9854,20.218
2014-10-03,82.9647,17.408
2014-10-06,83.1625,8.728
2014-10-07,82.5598,12.046
2014-10-08,83.1531,9.655
2014-10-09,83.6145,20.253
2014-10-10,80.8741,14.532
2014-10-13,80.1584,13.980
2014-10-14,79.9984,14.652
2014-10-15,80.6105,15.844
2014-10-16,83.671,14.344
2014-10-17,82.7858,16.349
2014-10-20,83.1154,9.315
2014-10-21,85.6015,21.889
2014-10-22,86.289,19.177
2014-10-23,88.9446,19.438
2014-10-24,90.1783,30.260
2014-10-27,92.0899,26.653
2014-10-28,93.8698,30.255
2014-10-29,92.5796,26.985
2014-10-30,92.9751,14.582
2014-10-31,92.8527,17.072
2014-11-03,95.8662,38.501
2014-11-04,99.8873,63.861
2014-11-05,102.336,45.526
2014-11-06,105.067,31.650
2014-11-07,107.882,48.458
2014-11-10,112.205,71.543
2014-11-11,107.864,66.846
2014-11-12,111.31,50.766
2014-11-13,108.146,58.540
2014-11-14,108.391,28.109
2014-11-17,107.59,21.257
2014-11-18,104.351,38.702
2014-11-19,102.477,44.111
2014-11-20,103.419,34.362
2014-11-21,104.276,25.833
2014-11-24,107.28,19.443
2014-11-25,106.856,22.116
2014-11-26,106.103,11.107
2014-11-28,105.133,7.607
2014-12-01,99.812,36.222
2014-12-02,103.485,17.690
2014-12-03,104.191,15.276
2014-12-04,102.807,10.151
2014-12-05,101.611,11.440
2014-12-08,98.9456,18.097
2014-12-09,101.215,23.417
2014-12-10,97.8249,17.390
2014-12-11,98.8514,14.770
2014-12-12,98.9833,13.690
2014-12-15,98.5971,15.559
2014-12-16,99.6048,20.436
2014-12-17,102.665,16.302
2014-12-18,102.882,21.460
2014-12-19,104.2,13.992
2014-12-22,102.43,12.281
2014-12-23,99.3694,17.983
2014-12-24,99.7743,5.528
2014-12-26,99.7743,6.149
2014-12-29,99.8025,7.598
2014-12-30,99.5859,9.611
2014-12-31,97.8814,9.626
2015-01-02,97.5613,11.586
2015-01-05,95.1128,17.268
2015-01-06,97.2976,14.804
2015-01-07,96.177,10.408
2015-01-08,98.9079,12.188
2015-01-09,97.0151,9.626
2015-01-12,95.6967,7.531
2015-01-13,94.8962,10.636
2015-01-14,93.7756,16.770
2015-01-15,90.6962,17.196
2015-01-16,91.2424,12.551
2015-01-20,94.2088,11.400
2015-01-21,97.2693,14.302
2015-01-22,97.938,10.767
2015-01-23,97.0998,9.298
2015-01-26,97.9285,10.043
2015-01-27,96.9397,14.747
2015-01-28,92.7115,39.688
2015-01-29,84.5751,72.099
2015-01-30,83.8876,34.661
2015-02-02,84.8764,17.766
2015-02-03,85.3284,12.725
2015-02-04,84.754,13.790
2015-02-05,81.9289,27.240
2015-02-06,80.6858,16.604
2015-02-09,80.9872,11.404
2015-02-10,82.1737,11.341
2015-02-11,80.9872,11.670
2015-02-12,82.023,14.293
2015-02-13,83.8594,13.810
2015-02-17,81.7876,14.306
2015-02-18,81.684,6.990
2015-02-19,81.8253,7.161
2015-02-20,81.5898,7.366
2015-02-23,80.488,8.822
2015-02-24,79.7535,14.923
2015-02-25,81.1661,12.850
2015-02-26,80.3939,8.252
2015-02-27,80.1584,7.889
2015-03-02,79.1037,10.560
2015-03-03,76.8248,36.958
2015-03-04,80.5069,34.473
2015-03-05,81.0813,17.436
2015-03-06,79.4804,10.052
2015-03-09,77.7194,16.590
2015-03-10,78.1338,13.012
2015-03-11,77.2109,12.024
2015-03-12,77.145,10.577
2015-03-13,77.0885,11.925
2015-03-16,79.1037,15.920
2015-03-17,79.5746,16.611
2015-03-18,79.6593,33.584
2015-03-19,80.7423,28.680
2015-03-20,80.2338,19.947
2015-03-23,79.3392,10.532
2015-03-24,78.7553,13.697
2015-03-25,78.8683,12.720
2015-03-26,79.2638,11.496
2015-03-27,79.6499,9.138
2015-03-30,79.0096,9.436
2015-03-31,78.388,11.124
2015-04-01,77.5593,14.028
2015-04-02,77.484,18.710
2015-04-06,77.0508,12.064
2015-04-07,77.4181,8.893
2015-04-08,80.4127,24.637
2015-04-09,81.119,26.180
2015-04-10,79.6499,17.234
2015-04-13,79.3674,14.876
2015-04-14,80.0454,11.130
2015-04-15,79.7347,11.513
2015-04-16,79.1602,11.346
2015-04-17,77.1261,21.463
2015-04-20,77.4086,12.686
2015-04-21,77.6158,9.470
2015-04-22,77.2674,12.541
2015-04-23,77.484,10.814
2015-04-24,79.6405,19.831
2015-04-27,79.9513,16.418
2015-04-28,80.1208,10.463
2015-04-29,77.6441,19.868
2015-04-30,76.5517,13.381
2015-05-01,76.4387,16.867
2015-05-04,75.8925,20.295
2015-05-05,74.9037,30.758
2015-05-06,75.3369,23.499
2015-05-07,80.9872,65.401
2015-05-08,81.9854,28.384
2015-05-11,81.6652,18.624
2015-05-12,81.7123,15.141
2015-05-13,82.428,17.907
2015-05-14,83.2473,11.383
2015-05-15,83.3038,12.642
2015-05-18,82.0325,12.704
2015-05-19,83.0683,19.519
2015-05-20,85.4132,28.075
2015-05-21,88.4078,38.355
2015-05-22,87.8334,20.890
2015-05-26,87.1271,14.761
2015-05-27,87.2024,8.964
2015-05-28,85.6486,13.385
2015-05-29,84.1136,13.083
2015-06-01,85.4885,9.328
2015-06-02,85.2343,9.290
2015-06-03,85.4979,8.878
2015-06-04,85.3096,8.183
2015-06-05,85.4226,10.692
2015-06-08,83.1437,14.694
2015-06-09,82.4751,15.144
2015-06-10,83.7181,11.820
2015-06-11,82.1266,12.917
2015-06-12,81.5804,9.396
2015-06-15,81.1002,9.634
2015-06-16,81.0719,10.335
2015-06-17,81.7405,9.645
2015-06-18,81.6934,11.053
2015-06-19,80.7423,9.716
2015-06-22,80.6858,6.737
2015-06-23,80.1208,10.746
2015-06-24,80.2055,8.884
2015-06-25,80.2715,8.428
2015-06-26,78.4257,11.930
2015-06-29,76.3445,14.314
2015-06-30,77.4746,11.820
2015-07-01,77.6535,5.603
2015-07-02,77.2862,6.366
2015-07-06,75.5535,11.173
2015-07-07,74.979,32.227
2015-07-08,73.397,21.391
2015-07-09,74.4328,18.626
2015-07-10,75.6194,10.570
2015-07-13,77.0885,9.747
2015-07-14,76.7495,7.081
2015-07-15,76.0243,8.960
2015-07-16,76.7777,8.103
2015-07-17,78.501,13.660
2015-07-20,77.8513,7.652
2015-07-21,77.7288,5.415
2015-07-22,79.245,10.556
2015-07-23,78.9907,7.018
2015-07-24,78.1809,8.249
2015-07-27,76.6553,11.475
2015-07-28,75.8642,11.416
2015-07-29,75.5817,6.759
2015-07-30,75.2992,6.530
2015-07-31,73.7736,11.947
2015-08-03,73.444,8.736
2015-08-04,74.2728,8.006
2015-08-05,75.1674,7.065
2015-08-06,74.3575,8.756
2015-08-07,74.2257,8.229
2015-08-10,75.7795,10.619
2015-08-11,72.8319,21.637
2015-08-12,69.1028,38.698
2015-08-13,70.7319,21.877
2015-08-14,70.4023,11.646
2015-08-17,70.8073,11.938
2015-08-18,69.5736,10.505
2015-08-19,68.8579,17.120
2015-08-20,66.2211,19.772
2015-08-21,64.2059,27.431
2015-08-24,61.9646,29.548
2015-08-25,64.5731,28.203
2015-08-26,64.6579,24.851
2015-08-27,66.7108,17.067
2015-08-28,65.9857,9.986
2015-08-31,62.2659,17.403
2015-09-01,61.0511,22.093
2015-09-02,61.7197,12.597
2015-09-03,62.5955,14.882
2015-09-04,60.1848,17.126
2015-09-08,57.3596,47.395
2015-09-09,60.3072,31.216
2015-09-10,60.1094,12.507
2015-09-11,60.8628,16.713
2015-09-14,58.9511,25.203
2015-09-15,61.07,27.343
2015-09-16,63.3112,24.297
2015-09-17,62.1529,15.627
2015-09-18,61.9175,18.954
2015-09-21,60.1753,21.052
2015-09-22,58.2919,14.030
2015-09-23,56.5027,21.362
2015-09-24,56.4273,19.442
2015-09-25,55.787,16.018
2015-09-28,54.0448,19.457
2015-09-29,54.4497,15.793
2015-09-30,55.5327,15.790
2015-10-01,55.4385,7.673
2015-10-02,59.5161,21.053
2015-10-05,60.2036,12.792
2015-10-06,60.1942,9.060
2015-10-07,62.4166,14.851
2015-10-08,63.7538,17.579
2015-10-09,64.705,13.902
2015-10-12,66.2023,14.643
2015-10-13,65.6184,12.292
2015-10-14,64.5449,11.570
2015-10-15,67.596,17.142
2015-10-16,67.7938,15.024
2015-10-19,68.4153,10.252
2015-10-20,67.6054,10.447
2015-10-21,65.4301,15.821
2015-10-22,66.8521,10.181
2015-10-23,71.2122,21.199
2015-10-26,71.8996,23.373
2015-10-27,74.8095,47.854
2015-10-28,77.5499,23.568
2015-10-29,77.4275,15.474
2015-10-30,78.9436,19.532
2015-11-02,79.4333,13.021
2015-11-03,78.5764,10.963
2015-11-04,80.4221,22.345
2015-11-05,80.4033,19.453
2015-11-06,78.7365,36.285
2015-11-09,76.6364,17.979
2015-11-10,76.6835,20.722
2015-11-11,75.1956,27.909
2015-11-12,74.1692,17.742
2015-11-13,71.4288,22.823
2015-11-16,73.736,16.052
2015-11-17,73.5759,11.744
2015-11-18,73.1615,15.760
2015-11-19,73.331,14.778
2015-11-20,75.2898,19.800
2015-11-23,76.5705,17.673
2015-11-24,76.1468,14.393
2015-11-25,76.9472,15.379
2015-11-27,76.6364,11.865
2015-11-30,79.1791,92.207
2015-12-01,79.1037,24.706
2015-12-02,80.0454,34.477
2015-12-03,77.7759,21.687
2015-12-04,79.9042,14.648
2015-12-07,79.8194,11.183
2015-12-08,79.4616,13.812
2015-12-09,78.5575,20.642
2015-12-10,79.4145,9.864
2015-12-11,75.092,19.582
2015-12-14,75.8737,11.374
2015-12-15,77.6817,12.294
2015-12-16,79.697,15.609
2015-12-17,78.6894,12.245
2015-12-18,77.8324,11.459
2015-12-21,78.0396,7.623
2015-12-22,79.8948,12.033
2015-12-23,79.8571,10.583
2015-12-24,78.8306,3.555
2015-12-28,77.3521,8.776
2015-12-29,78.4069,6.538
2015-12-30,76.919,6.577
2015-12-31,76.5329,6.351
2016-01-04,72.2198,21.722
2016-01-05,74.0467,13.428
2016-01-06,72.8225,10.895
2016-01-07,68.4812,25.697
2016-01-08,66.6731,19.601
2016-01-11,65.8444,15.973
2016-01-12,68.4436,12.672
2016-01-13,66.1929,11.753
2016-01-14,68.0386,16.687
2016-01-15,65.5337,19.515
2016-01-19,66.0422,16.406
2016-01-20,64.705,18.330
2016-01-21,66.5978,15.610
2016-01-22,66.2682,14.912
2016-01-25,65.6561,13.921
2016-01-26,65.7032,10.805
2016-01-27,65.4866,17.193
2016-01-28,63.0193,31.232
2016-01-29,63.1229,24.103
2016-02-01,63.1229,15.269
2016-02-02,61.296,18.035
2016-02-03,59.7421,30.058
2016-02-04,61.0794,21.576
2016-02-05,58.9888,12.094
2016-02-08,57.5385,15.216
2016-02-09,57.8116,11.996
2016-02-10,58.1789,8.474
2016-02-11,57.0394,14.134
2016-02-12,57.3408,12.873
2016-02-16,62.426,20.468
2016-02-17,62.5108,13.614
2016-02-18,62.6426,13.700
2016-02-19,63.3583,11.616
2016-02-22,64.8274,12.624
2016-02-23,63.0664,12.177
2016-02-24,63.3112,10.153
2016-02-25,62.7745,13.830
2016-02-26,63.0099,11.380
2016-02-29,64.7991,16.936
2016-03-01,66.7296,13.191
2016-03-02,67.0969,9.891
2016-03-03,66.8803,10.920
2016-03-04,68.0104,10.136
2016-03-07,68.6413,10.589
2016-03-08,66.9274,8.165
2016-03-09,68.2081,6.859
2016-03-10,67.7749,10.592
2016-03-11,69.696,10.565
2016-03-14,69.0745,10.425
2016-03-15,68.0198,7.886
2016-03-16,69.2158,7.252
2016-03-17,69.922,8.875
2016-03-18,71.8055,12.572
2016-03-21,73.5571,14.590
2016-03-22,73.623,8.615
2016-03-23,72.0974,10.177
2016-03-24,71.4382,8.319
2016-03-28,72.0221,5.728
2016-03-29,73.5288,11.804
2016-03-30,74.2633,10.073
2016-03-31,74.4234,10.659
2016-04-01,74.1409,8.722
2016-04-04,74.4705,9.245
2016-04-05,72.8131,9.044
2016-04-06,74.0938,8.543
2016-04-07,73.0862,10.300
2016-04-08,72.9544,7.912
2016-04-11,73.1804,7.436
2016-04-12,73.3216,6.701
2016-04-13,74.9979,13.326
2016-04-14,74.9696,11.876
2016-04-15,74.3669,11.027
2016-04-18,74.4046,7.314
2016-04-19,74.8284,13.883
2016-04-20,76.4764,14.043
2016-04-21,76.0714,8.305
2016-04-22,75.2333,8.145
2016-04-25,74.2445,8.671
2016-04-26,74.0279,9.071
2016-04-27,73.1239,10.822
2016-04-28,71.9467,9.379
2016-04-29,72.4552,9.534
2016-05-02,72.1445,7.268
2016-05-03,71.4853,7.552
2016-05-04,71.4005,13.492
2016-05-05,74.2351,26.322
2016-05-06,74.5835,12.112
2016-05-09,74.7813,11.108
2016-05-10,75.0732,8.776
2016-05-11,75.1485,10.427
2016-05-12,74.5458,8.279
2016-05-13,72.6624,9.491
2016-05-16,74.6683,10.981
2016-05-17,74.7248,10.331
2016-05-18,74.4234,8.556
2016-05-19,73.7548,7.833
2016-05-20,74.1974,10.400
2016-05-23,74.3952,6.769
2016-05-24,76.3916,15.734
2016-05-25,71.1839,46.715
2016-05-26,73.7831,25.397
2016-05-27,76.2503,23.122
2016-05-31,77.2203,74.265
2016-06-01,72.2198,58.887
2016-06-02,72.7943,42.734
2016-06-03,72.1539,22.305
2016-06-06,73.51,18.049
2016-06-07,73.3028,12.127
2016-06-08,73.1144,10.937
2016-06-09,73.0391,8.470
2016-06-10,71.4947,9.814
2016-06-13,71.0521,10.642
2016-06-14,73.2369,21.056
2016-06-15,73.8207,13.876
2016-06-16,73.7077,12.780
2016-06-17,72.5118,14.674
2016-06-20,73.5947,9.065
2016-06-21,74.0373,8.364
2016-06-22,74.1409,7.695
2016-06-23,74.527,7.797
2016-06-24,71.8431,17.162
2016-06-27,69.9032,14.249
2016-06-28,71.8337,10.610
2016-06-29,73.4911,10.792
2016-06-30,74.8943,11.758
2016-07-01,75.0073,6.847
2016-07-05,74.3669,6.446
2016-07-06,74.0562,7.287
2016-07-07,74.7248,6.422
2016-07-08,74.3858,13.211
2016-07-11,76.7118,16.402
2016-07-12,76.9755,14.403
2016-07-13,75.8737,10.113
2016-07-14,76.9755,8.816
2016-07-15,76.514,8.400
2016-07-18,77.8324,11.408
2016-07-19,77.9454,9.228
2016-07-20,79.4992,13.175
2016-07-21,79.2732,9.571
2016-07-22,79.5652,5.639
2016-07-25,78.3409,12.417
2016-07-26,78.7176,7.265
2016-07-27,78.2562,10.951
2016-07-28,78.275,7.041
2016-07-29,77.6723,8.202
2016-08-01,79.4239,12.620
2016-08-02,78.9154,7.243
2016-08-03,78.793,5.053
2016-08-04,79.81,10.106
2016-08-05,79.6593,8.854
2016-08-08,80.0454,10.856
2016-08-09,80.2715,14.455
2016-08-10,82.2396,26.552
2016-08-11,86.4208,51.012
2016-08-12,92.5231,67.773
2016-08-15,91.5061,31.842
2016-08-16,91.0258,25.910
2016-08-17,91.346,14.108
2016-08-18,91.346,14.134
2016-08-19,91.2141,13.435
2016-08-22,90.0747,15.277
2016-08-23,90.2065,9.084
2016-08-24,88.4078,11.985
2016-08-25,88.4643,12.280
2016-08-26,89.5191,13.310
2016-08-29,89.3495,8.304
2016-08-30,90.4043,13.178
2016-08-31,91.5249,26.949
2016-09-01,91.7415,12.607
2016-09-02,93.4648,16.464
2016-09-06,97.7308,30.892
2016-09-07,96.3559,14.840
2016-09-08,96.5913,14.573
2016-09-09,93.8133,20.012
2016-09-12,94.9245,16.309
2016-09-13,94.4348,18.839
2016-09-14,96.4312,18.462
2016-09-15,98.3617,19.584
2016-09-16,98.5406,19.177
2016-09-19,97.0245,14.347
2016-09-20,95.4518,12.114
2016-09-21,99.8214,21.657
2016-09-22,102.985,33.551
2016-09-23,101.432,21.738
2016-09-26,99.7178,15.826
2016-09-27,101.95,16.533
2016-09-28,102.411,15.417
2016-09-29,99.3976,28.474
2016-09-30,99.6236,14.670
2016-10-03,99.2375,10.217
2016-10-04,99.3034,10.424
2016-10-05,100.725,12.408
2016-10-06,100.838,9.309
2016-10-07,99.8214,8.432
2016-10-10,102.091,10.845
2016-10-11,99.0963,14.047
2016-10-12,97.5801,17.360
2016-10-13,96.1958,21.085
2016-10-14,95.9133,12.044
2016-10-17,96.8456,9.748
2016-10-18,97.3164,10.460
2016-10-19,97.872,8.399
2016-10-20,97.7967,6.695
2016-10-21,97.8814,7.603
2016-10-24,98.4088,10.264
2016-10-25,98.1451,8.462
2016-10-26,96.7891,7.138
2016-10-27,96.4124,8.294
2016-10-28,95.9886,7.985
2016-10-31,95.7626,14.915
2016-11-01,95.2541,20.046
2016-11-02,92.768,34.787
2016-11-03,92.0523,16.398
2016-11-04,91.8827,8.521
2016-11-07,93.559,10.546
2016-11-08,94.0298,7.619
2016-11-09,91.0352,19.727
2016-11-10,88.841,25.753
2016-11-11,87.5697,22.343
2016-11-14,84.5374,25.762
2016-11-15,85.6957,15.748
2016-11-16,87.4473,13.259
2016-11-17,88.5868,9.775
2016-11-18,87.9464,9.448
2016-11-21,87.9652,8.438
2016-11-22,87.7769,9.797
2016-11-23,87.6074,11.038
2016-11-25,87.5885,4.585
2016-11-28,88.2948,13.504
2016-11-29,89.4531,13.322
2016-11-30,88.5397,10.780
2016-12-01,84.6222,22.630
2016-12-02,85.206,11.036
2016-12-05,85.6863,8.384
2016-12-06,85.1307,7.334
2016-12-07,85.7616,12.468
2016-12-08,86.9293,10.283
2016-12-09,87.8428,8.643
2016-12-12,87.08,8.811
2016-12-13,86.7881,9.880
2016-12-14,85.8746,8.620
2016-12-15,83.671,18.095
2016-12-16,83.5015,10.680
2016-12-19,83.7464,9.630
2016-12-20,84.6033,7.943
2016-12-21,84.0477,8.518
2016-12-22,81.7405,13.565
2016-12-23,81.7311,5.974
2016-12-27,82.4374,4.923
2016-12-28,82.2773,6.047
2016-12-29,82.2396,5.148
2016-12-30,82.6916,6.791
2017-01-03,83.4356,8.277
2017-01-04,85.2343,10.820
2017-01-05,88.8693,15.841
2017-01-06,88.4173,7.194
2017-01-09,89.1989,10.198
2017-01-10,91.1105,13.919
2017-01-11,91.2895,8.227
2017-01-12,90.3101,7.934
2017-01-13,90.6585,10.077
2017-01-17,90.5173,5.973
2017-01-18,90.4043,6.225
2017-01-19,90.5644,6.677
2017-01-20,90.4608,9.121
2017-01-23,92.6738,13.269
2017-01-24,95.5178,35.014
2017-01-25,97.9945,21.963
2017-01-26,96.7608,11.776
2017-01-27,96.1204,7.563
2017-01-30,95.1317,8.117
2017-01-31,95.4047,7.091
2017-02-01,95.6496,5.402
2017-02-02,94.9621,5.058
2017-02-03,94.5384,5.836
2017-02-06,95.0186,6.466
2017-02-07,94.9527,5.326
2017-02-08,97.533,9.585
2017-02-09,97.3164,7.944
2017-02-10,96.3935,7.233
2017-02-13,97.0904,9.162
2017-02-14,95.6684,9.644
2017-02-15,95.6308,11.663
2017-02-16,94.9433,7.029
2017-02-17,94.6608,7.777
2017-02-21,96.1675,7.712
2017-02-22,98.1263,14.860
2017-02-23,96.4877,9.507
2017-02-24,96.9492,6.928
2017-02-27,97.5613,6.466
2017-02-28,96.9021,7.550
2017-03-01,97.9756,9.730
2017-03-02,97.1752,7.518
2017-03-03,97.2882,5.952
2017-03-06,96.3465,5.924
2017-03-07,96.6478,4.695
2017-03-08,97.2034,6.655
2017-03-09,97.2223,4.260
2017-03-10,97.3635,3.881
2017-03-13,99.0492,15.179
2017-03-14,98.1734,7.297
2017-03-15,97.646,11.013
2017-03-16,99.4729,11.720
2017-03-17,99.4541,8.267
2017-03-20,100.998,11.722
2017-03-21,98.9644,13.069
2017-03-22,99.9061,6.736
2017-03-23,101.94,12.629
2017-03-24,101.743,7.137
2017-03-27,101.78,7.260
2017-03-28,101.517,6.095
2017-03-29,103.127,8.276
2017-03-30,102.505,9.975
2017-03-31,101.545,8.478
2017-04-03,101.789,7.902
2017-04-04,101.253,6.102
2017-04-05,101.177,7.727
2017-04-06,101.743,4.907
2017-04-07,102.637,7.868
2017-04-10,105.189,13.936
2017-04-11,104.003,9.429
2017-04-12,104.182,7.628
2017-04-13,103.786,6.457
2017-04-17,105.246,6.713
2017-04-18,104.746,7.821
2017-04-19,104.304,9.044
2017-04-20,106.376,12.971
2017-04-21,106.517,8.446
2017-04-24,108.165,12.606
2017-04-25,108.749,10.768
2017-04-26,108.269,6.289
2017-04-27,108.702,8.891
2017-04-28,108.768,6.578
2017-05-01,109.879,6.905
2017-05-02,111.207,9.463
2017-05-03,109.775,9.974
2017-05-04,109.107,6.571
2017-05-05,109.276,6.686
2017-05-08,110.048,6.085
2017-05-09,113.005,14.333
2017-05-10,112.987,8.802
2017-05-11,113.156,10.712
2017-05-12,113.326,9.251
2017-05-15,114.324,10.477
2017-05-16,116.791,17.160
2017-05-17,113.683,18.679
2017-05-18,114.201,34.958
2017-05-19,116.038,19.872
2017-05-22,117.479,12.707
2017-05-23,115.765,13.532
2017-05-24,115.651,7.884
2017-05-25,116.424,11.759
2017-05-26,116.763,7.118
2017-05-30,116.687,7.857
2017-05-31,115.322,10.907
2017-06-01,116.744,8.383
2017-06-02,116.895,6.914
2017-06-05,118.062,9.446
2017-06-06,117.356,8.718
2017-06-07,118.317,8.882
2017-06-08,134.043,76.638
2017-06-09,131.312,51.198
2017-06-12,130.973,30.302
2017-06-13,128.638,38.497
2017-06-14,128.704,30.947
2017-06-15,127.206,28.732
2017-06-16,127.009,34.308
2017-06-19,131.34,23.497
2017-06-20,130.314,19.381
2017-06-21,134.938,29.110
2017-06-22,133.977,20.621
2017-06-23,134.674,11.074
2017-06-26,134.41,16.789
2017-06-27,133.28,16.362
2017-06-28,135.559,16.725
2017-06-29,132.602,22.724
2017-06-30,132.687,11.561
2017-07-03,132.772,6.569
2017-07-05,136.426,16.005
2017-07-06,133.911,11.239
2017-07-07,134.128,7.577
2017-07-10,135.428,9.748
2017-07-11,137.311,12.732
2017-07-12,140.315,14.084
2017-07-13,140.805,11.002
2017-07-14,142.98,10.801
2017-07-17,142.415,14.448
2017-07-18,144.788,14.420
2017-07-19,144.223,15.911
2017-07-20,143.244,15.764
2017-07-21,143.036,10.785
2017-07-24,143.385,10.028
2017-07-25,143.554,7.967
2017-07-26,146.709,13.623
2017-07-27,145.165,24.540
2017-07-28,148.376,13.607
2017-07-31,145.918,16.746
2017-08-01,145.711,11.334
2017-08-02,143.055,18.391
2017-08-03,144.383,11.711
2017-08-04,144.393,9.451
2017-08-07,149.581,14.979
2017-08-08,148.32,14.547
2017-08-09,148.31,10.380
2017-08-10,142.923,18.174
2017-08-11,142.858,21.026
2017-08-14,145.598,13.751
2017-08-15,148.555,17.549
2017-08-16,150.203,20.076
2017-08-17,154.365,53.527
2017-08-18,157.737,29.657
2017-08-21,159.385,21.049
2017-08-22,164.291,23.055
2017-08-23,165.553,20.660
2017-08-24,164.799,19.583
2017-08-25,161.73,22.775
2017-08-28,158.49,23.181
2017-08-29,157.652,18.446
2017-08-30,161.268,16.734
2017-08-31,161.73,15.526
2017-09-01,161.07,10.516
2017-09-05,160.016,14.073
2017-09-06,158.339,18.823
2017-09-07,160.543,14.259
2017-09-08,159.149,11.626
2017-09-11,163.914,17.194
2017-09-12,165.091,14.719
2017-09-13,168.538,20.775
2017-09-14,166.777,21.497
2017-09-15,166.4,25.019
2017-09-18,169.489,21.584
2017-09-19,169.574,13.892
2017-09-20,167.577,14.499
2017-09-21,167.05,13.729
2017-09-22,167.756,12.007
2017-09-25,159.705,32.050
2017-09-26,157.285,22.315
2017-09-27,161.023,18.311
2017-09-28,160.317,13.143
2017-09-29,162.643,12.621
2017-10-02,163.49,11.831
2017-10-03,168.152,15.740
2017-10-04,168.293,10.755
2017-10-05,168.463,11.202
2017-10-06,168.755,8.239
2017-10-09,171.476,14.137
2017-10-10,172.446,12.432
2017-10-11,173.925,11.276
2017-10-12,170.007,14.541
2017-10-13,168.048,17.052
2017-10-16,169.094,12.107
2017-10-17,165.101,18.959
2017-10-18,169.141,20.470
2017-10-19,167.559,12.750
2017-10-20,166.984,11.256
2017-10-23,163.038,16.584
2017-10-24,163.575,11.250
2017-10-25,160.298,17.054
2017-10-26,160.392,12.739
2017-10-27,165.882,18.564
2017-10-30,170.996,19.041
2017-10-31,174.113,20.018
2017-11-01,175.234,26.928
2017-11-02,174.038,38.836
2017-11-03,172.531,18.549
2017-11-06,176.891,18.715
2017-11-07,177.522,16.745
2017-11-08,175.064,13.132
2017-11-09,174.339,18.604
2017-11-10,175.544,14.155
2017-11-13,173.783,16.140
2017-11-14,171.194,13.632
2017-11-15,170.902,15.601
2017-11-16,174.622,17.318
2017-11-17,174.339,12.640
2017-11-20,177.042,24.477
2017-11-21,179.773,18.495
2017-11-22,178.774,13.577
2017-11-24,180.046,9.311
2017-11-27,177.07,14.081
2017-11-28,175.808,12.598
2017-11-29,169.423,37.861
2017-11-30,166.758,24.344
2017-12-01,164.432,25.221
2017-12-04,159.695,33.803
2017-12-05,159.111,29.767
2017-12-06,162.568,22.505
2017-12-07,164.3,14.783
2017-12-08,167.267,22.171
2017-12-11,168.839,14.715
2017-12-12,164.46,21.336
2017-12-13,166.184,17.566
2017-12-14,161.739,30.916
2017-12-15,163.434,38.946
2017-12-18,163.264,16.031
2017-12-19,161.296,22.541
2017-12-20,162.577,16.123
2017-12-21,165.101,13.949
2017-12-22,166.014,11.795
2017-12-26,162.285,12.161
2017-12-27,162.888,9.561
2017-12-28,162.257,8.954
2017-12-29,162.379,9.139
2018-01-02,172.945,28.173
2018-01-03,173.275,18.949
2018-01-04,174.885,18.339
2018-01-05,179.584,17.109
2018-01-08,179.236,15.284
2018-01-09,179.678,18.359
2018-01-10,178.727,16.898
2018-01-11,177.748,11.678
2018-01-12,176.844,11.102
2018-01-16,171.768,25.830
2018-01-17,173.115,20.102
2018-01-18,173.652,13.364
2018-01-19,173.322,14.455
2018-01-22,173.294,15.083
2018-01-23,181.072,29.481
2018-01-24,184.133,32.486
2018-01-25,186.77,22.056
2018-01-26,193.258,22.383
2018-01-29,191.177,20.632
2018-01-30,188.022,22.015
2018-01-31,192.382,25.410
2018-02-01,181.016,49.561
2018-02-02,176.392,30.355
2018-02-05,170.007,29.272
2018-02-06,174.377,33.717
2018-02-07,169.79,18.525
2018-02-08,163.575,30.183
2018-02-09,166.372,26.415
2018-02-12,167.097,17.215
2018-02-13,168.802,14.603
2018-02-14,175.874,19.821
2018-02-15,176.524,13.524
2018-02-16,172.973,15.075
2018-02-20,176.279,13.989
2018-02-21,177.814,20.785
2018-02-22,177.748,11.567
2018-02-23,182.023,15.950
2018-02-26,182.871,18.329
2018-02-27,177.286,21.865
2018-02-28,175.29,18.239
2018-03-01,171.382,16.279
2018-03-02,169.282,17.807
2018-03-05,171.015,14.744
2018-03-06,176.448,16.815
2018-03-07,178.031,12.929
2018-03-08,176.27,13.496
2018-03-09,179.443,13.380
2018-03-12,181.505,16.787
2018-03-13,177.428,13.962
2018-03-14,181.336,18.865
2018-03-15,187.457,31.552
2018-03-16,188.606,25.378
2018-03-19,183.191,18.534
2018-03-20,187.353,11.255
2018-03-21,183.916,11.345
2018-03-22,173.887,23.878
2018-03-23,170.638,17.624
2018-03-26,179.396,15.782
2018-03-27,171.288,15.659
2018-03-28,168.482,18.911
2018-03-29,172.842,15.424
2018-04-02,167.257,15.094
2018-04-03,164.489,18.811
2018-04-04,162.04,23.141
2018-04-05,162.511,17.187
2018-04-06,157.755,17.149
2018-04-09,159.969,13.859
2018-04-10,166.777,19.245
2018-04-11,165.139,9.578
2018-04-12,165.666,10.485
2018-04-13,162.012,12.738
2018-04-16,164.517,9.301
2018-04-17,168.284,15.337
2018-04-18,172.032,15.983
2018-04-19,170.817,11.290
2018-04-20,168.67,13.629
2018-04-23,165.336,11.332
2018-04-24,163.001,13.718
2018-04-25,160.298,16.134
2018-04-26,163.764,12.617
2018-04-27,166.833,14.185
2018-04-30,168.133,13.800
2018-05-01,169.037,10.159
2018-05-02,170.874,19.476
2018-05-03,171.815,24.727
2018-05-04,177.88,54.420
2018-05-07,183.963,28.122
2018-05-08,184.867,20.582
2018-05-09,184.039,12.977
2018-05-10,184.538,20.054
2018-05-11,183.031,11.998
2018-05-14,187.061,16.600
2018-05-15,185.15,11.955
2018-05-16,186.562,12.136
2018-05-17,184.594,12.685
2018-05-18,183.634,13.412
2018-05-21,186.12,13.024
2018-05-22,184.453,9.135
2018-05-23,185.329,12.061
2018-05-24,185.865,17.448
2018-05-25,187.589,20.030
2018-05-29,186.459,17.675
2018-05-30,186.44,13.119
2018-05-31,186.468,16.934
2018-06-01,192.429,21.784
2018-06-04,196.77,18.229
2018-06-05,196.224,16.751
2018-06-06,196.158,12.996
2018-06-07,191.751,25.189
2018-06-08,193.117,16.504
2018-06-11,193.71,11.358
2018-06-12,196.893,14.983
2018-06-13,194.576,13.037
2018-06-14,198.569,17.740
2018-06-15,195.876,26.995
2018-06-18,196.413,13.792
2018-06-19,192.514,23.057
2018-06-20,194.209,14.653
2018-06-21,190.423,13.150
2018-06-22,190.235,9.026
2018-06-25,180.102,30.842
2018-06-26,180.262,19.531
2018-06-27,174.235,22.495
2018-06-28,177.4,18.414
2018-06-29,174.716,24.507
2018-07-02,175.497,16.316
2018-07-03,173.981,10.993
2018-07-05,175.987,17.339
2018-07-06,181.063,16.043
2018-07-09,181.515,14.565
2018-07-10,181.327,11.876
2018-07-11,176.495,15.017
2018-07-12,179.085,16.424
2018-07-13,178.963,11.819
2018-07-16,179.255,11.494
2018-07-17,181.43,12.497
2018-07-18,179.669,10.167
2018-07-19,176.42,12.594
2018-07-20,176.335,12.061
2018-07-23,176.138,10.355
2018-07-24,177.983,17.341
2018-07-25,186.44,19.527
2018-07-26,182.861,13.076
2018-07-27,178.379,18.747
2018-07-30,174.047,18.746
2018-07-31,176.317,16.025
2018-08-01,174.471,13.533
2018-08-02,171.956,19.754
2018-08-03,170.299,17.125
2018-08-06,168.208,33.354
2018-08-07,169.433,19.418
2018-08-08,167.173,19.919
2018-08-09,166.862,33.168
2018-08-10,169.517,20.764
2018-08-13,167.323,13.819
2018-08-14,162.473,36.264
2018-08-15,159.931,38.873
2018-08-16,161.965,32.266
2018-08-17,162.709,23.256
2018-08-20,166.014,24.391
2018-08-21,167.549,19.152
2018-08-22,167.483,25.557
2018-08-23,162.191,74.248
2018-08-24,164.074,28.668
2018-08-27,170.12,22.162
2018-08-28,167.803,14.426
2018-08-29,168.095,11.199
2018-08-30,164.423,16.090
2018-08-31,164.809,12.930
2018-09-04,160.505,22.084
2018-09-05,154.657,33.614
2018-09-06,150.551,31.125
2018-09-07,152.906,18.319
2018-09-10,147.246,36.814
2018-09-11,148.282,24.375
2018-09-12,152.049,30.597
2018-09-13,155.881,24.199
2018-09-14,155.137,22.053
2018-09-17,149.628,19.233
2018-09-18,147.519,25.653
2018-09-19,153.15,21.686
2018-09-20,156.211,21.488
2018-09-21,155.034,20.795
2018-09-24,153.65,12.358
2018-09-25,154.676,9.030
2018-09-26,155.759,12.800
2018-09-27,156.625,11.950
2018-09-28,155.156,9.875
2018-10-01,152.557,9.996
2018-10-02,150.89,13.872
2018-10-03,152.906,12.354
2018-10-04,147.029,30.301
2018-10-05,145.617,19.089
2018-10-08,142.33,23.600
2018-10-09,138.375,29.259
2018-10-10,130.229,52.575
2018-10-11,133.629,40.692
2018-10-12,138.705,28.971
2018-10-15,135.757,17.485
2018-10-16,140.88,17.295
2018-10-17,139.505,15.889
2018-10-18,133.742,19.417
2018-10-19,134.599,13.989
2018-10-22,140.127,21.273
2018-10-23,138.102,18.788
2018-10-24,131.472,17.433
2018-10-25,136.171,12.859
2018-10-26,134.542,18.342
2018-10-29,125.605,33.074
2018-10-30,128.383,23.759
2018-10-31,133.987,22.276
2018-11-01,142.434,44.297
2018-11-02,138.987,43.305
2018-11-05,136.209,15.253
2018-11-06,138.846,16.809
2018-11-07,143.611,16.842
2018-11-08,140.305,16.072
2018-11-09,136.407,15.275
2018-11-12,134.495,15.554
2018-11-13,138.413,18.434
2018-11-14,141.671,20.516
2018-11-15,147.114,28.330
2018-11-16,145.118,18.871
2018-11-19,140.814,17.033
2018-11-20,137.471,18.338
2018-11-21,140.701,13.861
2018-11-23,141.567,7.004
2018-11-26,146.916,15.211
2018-11-27,147.34,16.868
2018-11-28,150.052,19.557
2018-11-29,147.171,19.335
2018-11-30,151.484,33.027
2018-12-03,154.196,29.357
2018-12-04,149.111,20.905
2018-12-06,146.747,23.859
2018-12-07,144.138,16.431
2018-12-10,142.603,14.621
2018-12-11,142.98,12.856
2018-12-12,142.669,15.650
2018-12-13,142.65,11.541
2018-12-14,140.315,14.654
2018-12-17,135.588,14.868
2018-12-18,132.612,16.806
2018-12-19,129.146,26.046
2018-12-20,127.235,22.699
2018-12-21,124.306,27.112
2018-12-24,124.202,10.585
2018-12-26,129.956,13.996
2018-12-27,130.38,10.790
2018-12-28,130.983,11.258
2018-12-31,129.08,10.534
2019-01-02,128.732,15.734
2019-01-03,122.988,18.393
2019-01-04,131.604,21.514
2019-01-07,134.759,16.234
2019-01-08,138.234,15.527
2019-01-09,143.065,19.036
2019-01-10,142.848,13.392
2019-01-11,142.5,9.030
2019-01-14,140.569,12.578
2019-01-15,142.085,14.129
2019-01-16,145.814,13.947
2019-01-17,146.879,15.212
2019-01-18,147.867,18.468
2019-01-22,143.281,20.054
2019-01-23,143.168,9.601
2019-01-24,146.775,10.357
2019-01-25,149.93,15.493
2019-01-28,149.657,9.550
2019-01-29,147.736,17.279
2019-01-30,157.096,34.841
2019-01-31,158.669,19.983
2019-02-01,158.179,10.144
2019-02-04,156.983,6.950
2019-02-05,161.814,12.056
2019-02-06,161.522,10.611
2019-02-07,157.228,11.217
2019-02-08,157.605,7.846
2019-02-11,157.689,6.837
2019-02-12,158.876,8.093
2019-02-13,159.526,8.157
2019-02-14,158.565,8.214
2019-02-15,156.465,11.394
2019-02-19,160.26,12.226
2019-02-20,160.76,11.729
2019-02-21,161.654,7.943
2019-02-22,166.607,15.233
2019-02-25,172.569,21.501
2019-02-26,172.842,13.062
2019-02-27,173.821,15.766
2019-02-28,172.361,11.649
2019-03-01,173.162,13.512
2019-03-04,176.335,13.901
2019-03-05,174.217,10.842
2019-03-06,173.435,9.426
2019-03-07,166.984,15.528
2019-03-08,164.828,13.819
2019-03-11,169.894,12.962
2019-03-12,170.101,8.155
2019-03-13,170.167,8.351
2019-03-14,169.847,8.732
2019-03-15,170.421,10.212
2019-03-18,171.231,7.390
2019-03-19,171.523,9.642
2019-03-20,170.713,14.975
2019-03-21,170.921,9.186
2019-03-22,165.986,11.007
2019-03-25,168.35,7.074
2019-03-26,167.7,7.438
2019-03-27,166.711,7.883
2019-03-28,167.37,6.730
2019-03-29,171.815,13.044
2019-04-01,170.346,11.974
2019-04-02,171.147,7.554
2019-04-03,167.926,25.249
2019-04-04,170.516,16.003
2019-04-05,174.546,17.615
2019-04-08,175.629,13.867
2019-04-09,176.279,10.903
2019-04-10,175.337,10.034
2019-04-11,174.198,8.382
2019-04-12,177.899,11.866
2019-04-15,172.399,13.765
2019-04-16,174.951,11.485
2019-04-17,176.618,10.937
2019-04-18,176.044,7.423
2019-04-22,174.574,8.172
2019-04-23,176.373,10.745
2019-04-24,174.848,8.556
2019-04-25,176.929,9.727
2019-04-26,176.185,8.872
2019-04-29,176.044,8.156
2019-04-30,174.753,14.198
2019-05-01,178.275,16.383
2019-05-02,179.292,10.800
2019-05-03,183.831,13.675
2019-05-06,177.268,22.546
2019-05-07,170.855,21.342
2019-05-08,169.122,15.643
2019-05-09,168.604,21.403
2019-05-10,167.625,17.880
2019-05-13,160.1,21.029
2019-05-14,164.649,16.832
2019-05-15,167.248,35.418
2019-05-16,165.336,19.380
2019-05-17,159.686,21.226
2019-05-20,151.286,31.466
2019-05-21,153.904,20.723
2019-05-22,149.572,24.326
2019-05-23,146.907,25.324
2019-05-24,145.965,20.237
2019-05-28,145.786,36.353
2019-05-29,143.592,28.320
2019-05-30,142.264,16.334
2019-05-31,140.56,25.314
2019-06-03,141.172,23.782
2019-06-04,145.165,25.819
2019-06-05,142.811,21.856
2019-06-06,142.669,14.844
2019-06-07,145.24,16.779
2019-06-10,150.533,34.347
2019-06-11,153.169,22.044
2019-06-12,150.711,15.377
2019-06-13,150.984,16.547
2019-06-14,148.885,14.108
2019-06-17,150.589,15.143
2019-06-18,155.863,33.671
2019-06-19,155.816,19.586
2019-06-20,158.443,22.605
2019-06-21,157.784,16.401
2019-06-24,158.302,17.349
2019-06-25,156.136,19.248
2019-06-26,159.14,21.110
2019-06-27,160.938,17.280
2019-06-28,159.573,18.810
2019-07-01,164.846,24.340
2019-07-02,165.223,13.330
2019-07-03,164.489,8.035
2019-07-05,163.199,11.883
2019-07-08,158.631,15.567
2019-07-09,158.961,14.863
2019-07-10,157.2,15.704
2019-07-11,156.842,13.934
2019-07-12,159.215,17.048
2019-07-15,163.387,20.905
2019-07-16,164.037,17.930
2019-07-17,164.63,14.155
2019-07-18,162.728,14.694
2019-07-19,162.907,12.852
2019-07-22,163.858,17.413
2019-07-23,167.709,19.664
2019-07-24,168.255,14.063
2019-07-25,166.956,13.230
2019-07-26,168.321,14.390
2019-07-29,166.702,14.248
2019-07-30,163.952,13.467
2019-07-31,163.02,13.776
2019-08-01,155.994,30.821
2019-08-02,151.615,25.525
2019-08-05,144.713,27.227
2019-08-06,148.254,23.539
2019-08-07,149.892,16.873
2019-08-08,152.764,18.145
2019-08-09,149.845,11.201
2019-08-12,150.024,12.776
2019-08-13,154.469,21.511
2019-08-14,152.614,19.591
2019-08-15,157.238,34.225
2019-08-16,164.423,24.440
2019-08-19,167.888,15.079
2019-08-20,166.881,9.736
2019-08-21,165.025,9.997
2019-08-22,161.889,10.895
2019-08-23,154.949,19.655
2019-08-26,156.23,8.137
2019-08-27,156.512,12.033
2019-08-28,157.718,8.953
2019-08-29,162.737,10.891
2019-08-30,164.828,9.693
2019-09-03,162.36,8.004
2019-09-04,164.169,6.789
2019-09-05,168.51,10.504
2019-09-06,166.391,7.820
2019-09-09,167.417,6.528
2019-09-10,164.79,9.262
2019-09-11,165.826,6.629
2019-09-12,167.851,11.780
2019-09-13,168.726,8.927
2019-09-16,166.749,10.100
2019-09-17,168.566,7.045
2019-09-18,169.508,8.695
2019-09-19,169.941,14.238
2019-09-20,171.872,23.089
2019-09-23,166.664,13.229
2019-09-24,161.551,13.490
2019-09-25,166.363,11.081
2019-09-26,164.799,9.401
2019-09-27,156.305,31.347
2019-09-30,157.482,14.000
2019-10-01,155.524,13.330
2019-10-02,156.107,10.855
2019-10-03,159.601,9.704
2019-10-04,160.411,8.207
2019-10-07,158.509,11.294
2019-10-08,152.491,14.910
2019-10-09,155.561,10.305
2019-10-10,156.39,10.794
2019-10-11,162.859,18.125
2019-10-14,161.183,7.221
2019-10-15,165.072,12.951
2019-10-16,166.796,10.226
2019-10-17,166.542,7.553
2019-10-18,159.272,13.726
2019-10-21,163.406,8.448
2019-10-22,159.987,10.234
2019-10-23,160.016,8.338
2019-10-24,162.492,6.966
2019-10-25,164.15,9.315
2019-10-28,168.265,11.055
2019-10-29,166.579,7.559
2019-10-30,167.182,9.618
2019-10-31,166.372,14.238
2019-11-01,166.174,27.238
2019-11-04,169.216,41.945
2019-11-05,171.391,22.309
2019-11-06,173.426,13.970
2019-11-07,175.78,18.987
2019-11-08,176.251,18.569
2019-11-11,175.827,19.363
2019-11-12,176.072,11.110
2019-11-13,171.843,14.105
2019-11-14,172.145,11.972
2019-11-15,174.678,10.638
2019-11-18,173.849,11.134
2019-11-19,174.452,12.626
2019-11-20,171.721,15.712
2019-11-21,174.085,9.657
2019-11-22,175.893,9.927
2019-11-25,179.349,18.041
2019-11-26,183.351,48.811
2019-11-27,189.114,31.115
2019-11-29,188.342,17.509
2019-12-02,184.867,18.229
2019-12-03,183.54,17.285
2019-12-04,182.447,13.984
2019-12-05,188.342,20.991
2019-12-06,190.122,13.266
2019-12-09,187.156,13.427
2019-12-10,188.766,10.946
2019-12-11,192.712,11.075
2019-12-12,192.58,21.140
2019-12-13,192.966,18.147
2019-12-16,194.906,15.759
2019-12-17,196.045,10.630
2019-12-18,197.759,12.696
2019-12-19,197.882,11.458
2019-12-20,199.878,25.115
2019-12-23,202.308,11.804
2019-12-24,201.771,5.201
2019-12-26,203.767,6.504
2019-12-27,202.911,10.994
2019-12-30,200.5,8.224
2019-12-31,199.737,6.379
2020-01-02,206.96,14.948
2020-01-03,204.351,8.103
2020-01-06,204.012,11.193
2020-01-07,204.945,8.841
2020-01-08,205.293,11.262
2020-01-09,208.853,12.358
2020-01-10,210.783,11.579
2020-01-13,217.046,16.522
2020-01-14,213.288,16.260
2020-01-15,211.941,10.117
2020-01-16,210.887,12.902
2020-01-17,214.173,12.201
2020-01-21,209.305,14.908
2020-01-22,209.408,9.473
2020-01-23,206.357,17.440
2020-01-24,201.291,17.086
2020-01-27,193.493,23.142
2020-01-28,197.976,15.253
2020-01-29,199.662,12.122
2020-01-30,196.422,13.538
2020-01-31,194.548,17.122
2020-02-03,200.679,13.296
2020-02-04,209.889,15.722
2020-02-05,207.384,14.847
2020-02-06,208.024,10.162
2020-02-07,203.909,12.986
2020-02-10,203.193,16.405
2020-02-11,204.549,15.137
2020-02-12,211.235,17.584
2020-02-13,207.516,26.434
2020-02-14,206.828,10.067
2020-02-18,207.666,12.230
2020-02-19,209.192,10.169
2020-02-20,205.331,14.079
2020-02-21,200.198,16.651
2020-02-24,194.143,18.251
2020-02-25,193.625,17.075
2020-02-26,196.573,18.347
2020-02-27,193.079,21.416
2020-02-28,195.876,29.430
2020-03-02,198.682,20.287
2020-03-03,195.32,19.601
2020-03-04,199.605,11.747
2020-03-05,199.134,12.678
2020-03-06,192.712,20.436
2020-03-09,186.139,24.016
2020-03-10,194.36,17.914
2020-03-11,187.316,17.806
2020-03-12,174.311,28.484
2020-03-13,182.692,22.272
2020-03-16,168.425,25.076
2020-03-17,174.038,18.153
2020-03-18,169.508,20.769
2020-03-19,170.337,19.687
2020-03-20,170.732,19.782
2020-03-23,166.061,21.240
2020-03-24,174.923,19.589
2020-03-25,177.569,18.462
2020-03-26,183.935,14.518
2020-03-27,177.597,12.597
2020-03-30,180.121,11.540
2020-03-31,183.144,17.972
2020-04-01,176.627,16.902
2020-04-02,177.889,12.630
2020-04-03,176.204,8.930
2020-04-06,184.999,12.476
2020-04-07,186.459,14.064
2020-04-08,184.557,12.815
2020-04-09,184.924,16.783
2020-04-13,187.815,15.178
2020-04-14,192.844,15.780
2020-04-15,196.036,10.140
2020-04-16,200.264,15.401
2020-04-17,197.288,12.768
2020-04-20,199.765,18.171
2020-04-21,195.254,13.285
2020-04-22,197.722,12.686
2020-04-23,193.277,19.234
2020-04-24,192.448,13.819
2020-04-27,191.817,16.279
2020-04-28,189.425,16.201
2020-04-29,194.652,18.003
2020-04-30,190.857,18.935
2020-05-01,183.144,20.978
2020-05-04,180.008,24.211
2020-05-05,183.652,21.619
2020-05-06,183.794,17.515
2020-05-07,185.037,15.222
2020-05-08,189.463,22.431
2020-05-11,193.428,16.876
2020-05-12,188.634,16.788
2020-05-13,187.834,21.122
2020-05-14,189.566,18.859
2020-05-15,191.808,16.206
2020-05-18,202.732,22.184
2020-05-19,204.54,20.188
2020-05-20,204.154,36.090
2020-05-21,199.793,28.111
2020-05-22,188.06,48.949
2020-05-26,189.962,27.011
2020-05-27,189.453,22.229
2020-05-28,187.862,17.670
2020-05-29,195.301,40.663
2020-06-01,194.529,15.227
2020-06-02,201.837,21.175
2020-06-03,205.867,18.834
2020-06-04,205.331,14.090
2020-06-05,206.753,11.285
2020-06-08,206.235,11.989
2020-06-09,207.855,13.316
2020-06-10,210.642,12.593
2020-06-11,202.694,14.653
2020-06-12,204.954,11.975
2020-06-15,204.38,16.405
2020-06-16,209.644,16.209
2020-06-17,211.179,11.759
2020-06-18,210.51,9.755
2020-06-19,207.779,18.406
2020-06-22,208.504,12.528
2020-06-23,215.416,17.199
2020-06-24,213.034,11.451
2020-06-25,209.21,14.081
2020-06-26,203.137,18.213
2020-06-29,202.487,11.614
2020-06-30,203.127,12.180
2020-07-01,203.363,11.101
2020-07-02,210.567,17.072
2020-07-06,226.011,31.738
2020-07-07,222.724,15.530
2020-07-08,242.66,37.596
2020-07-09,246.333,34.659
2020-07-10,245.796,19.150
2020-07-13,237,20.311
2020-07-14,234.09,18.629
2020-07-15,234.684,11.879
2020-07-16,228.365,16.981
2020-07-17,232.734,17.650
2020-07-20,239.957,17.907
2020-07-21,242.867,16.123
2020-07-22,237.029,18.535
2020-07-23,237.198,24.213
2020-07-24,234.486,16.218
2020-07-27,236.238,17.861
2020-07-28,234.533,9.303
2020-07-29,237.735,10.824
2020-07-30,238.008,6.623
2020-07-31,236.388,11.587
2020-08-03,242.905,10.858
2020-08-04,246.917,10.354
2020-08-05,249.469,10.052
2020-08-06,250.194,9.756
2020-08-07,237.405,21.216
2020-08-10,233.667,12.828
2020-08-11,233.94,10.059
2020-08-12,240.315,10.465
2020-08-13,238.931,8.282
2020-08-14,239.166,7.417
2020-08-17,241.982,9.191
2020-08-18,244.092,12.494
2020-08-19,245.4,13.275
2020-08-20,242.933,20.210
2020-08-21,250.307,24.153
2020-08-24,259.931,21.166
2020-08-25,269.329,25.930
2020-08-26,274.942,18.392
2020-08-27,267.606,13.943
2020-08-28,272.155,9.117
2020-08-31,270.299,12.481
2020-09-01,280.63,12.993
2020-09-02,278.812,11.902
2020-09-03,266.033,15.789
2020-09-04,264.988,14.960
2020-09-08,254.281,11.992
2020-09-09,257.228,8.914
2020-09-10,251.955,10.054
2020-09-11,255.778,8.864
2020-09-14,258.123,7.424
2020-09-15,261.758,7.808
2020-09-16,261.927,9.025
2020-09-17,259.649,7.550
2020-09-18,256.531,11.068
2020-09-21,257.859,8.547
2020-09-22,259.244,9.109
2020-09-23,257.04,6.925
2020-09-24,254.008,9.005
2020-09-25,255.288,10.798
2020-09-28,259.922,8.251
2020-09-29,260.788,7.226
2020-09-30,276.844,23.333
2020-10-01,273.143,15.354
2020-10-02,271.373,10.813
2020-10-05,271.467,16.834
2020-10-06,275.347,14.936
2020-10-07,279.217,15.698
2020-10-08,283.022,14.225
2020-10-09,282.268,10.775
2020-10-12,288.484,13.919
2020-10-13,290.781,10.263
2020-10-14,283.493,14.274
2020-10-15,282.005,9.144
2020-10-16,289.397,11.619
2020-10-19,287.495,13.285
2020-10-20,291.751,8.293
2020-10-21,290.019,10.490
2020-10-22,288.427,7.542
2020-10-23,291.855,5.868
2020-10-26,288.983,8.805
2020-10-27,298.654,12.408
2020-10-28,289.991,12.849
2020-10-29,294.341,10.523
2020-10-30,286.93,14.049
2020-11-02,292.721,11.166
2020-11-03,268.924,54.744
2020-11-04,278.473,27.113
2020-11-05,270.977,47.147
2020-11-06,282.466,23.787
2020-11-09,273.595,21.245
2020-11-10,251.004,57.505
2020-11-11,250.165,39.268
2020-11-12,248.904,25.538
2020-11-13,245.636,31.964
2020-11-16,243.253,19.648
2020-11-17,241.831,18.589
2020-11-18,240.918,26.657
2020-11-19,244.741,19.543
2020-11-20,254.959,32.186
2020-11-23,254.366,23.841
2020-11-24,263.641,19.456
2020-11-25,261.532,14.342
2020-11-27,260.364,9.025
2020-11-30,248.009,28.700
2020-12-01,248.621,13.724
2020-12-02,246.088,13.108
2020-12-03,251.352,14.616
2020-12-04,251.672,14.623
2020-12-07,248.612,10.725
2020-12-08,250.58,8.897
2020-12-09,248.423,8.533
2020-12-10,249.431,9.690
2020-12-11,249.12,7.318
2020-12-14,241.106,17.299
2020-12-15,240.24,15.628
2020-12-16,246.625,14.884
2020-12-17,249.017,13.473
2020-12-18,244.845,15.050
2020-12-21,245.25,10.266
2020-12-22,240.918,10.800
2020-12-23,241.247,10.104
2020-12-24,209.06,133.563
2020-12-28,209.399,69.227
2020-12-29,222.489,65.652
2020-12-30,224.495,42.200
2020-12-31,219.164,22.085
2021-01-04,214.569,23.447
2021-01-05,226.387,33.736
2021-01-06,214.343,34.981
2021-01-07,213.674,46.485
2021-01-08,222.423,32.851
2021-01-11,214.117,21.694
2021-01-12,212.45,17.864
2021-01-13,221.585,36.543
2021-01-14,228.817,29.552
2021-01-15,229.269,20.305
2021-01-19,236.982,22.302
2021-01-20,250.015,42.039
2021-01-21,244.845,19.503
2021-01-22,243.545,12.730
2021-01-25,246.144,18.343
2021-01-26,250.42,13.825
2021-01-27,245.08,15.115
2021-01-28,245.561,9.648
2021-01-29,239.035,13.837
2021-02-01,249.262,14.398
2021-02-02,239.665,28.754
2021-02-03,248.075,27.479
2021-02-04,251.399,15.786
2021-02-05,250.184,10.376
2021-02-08,247.284,10.096
2021-02-09,250.957,11.708
2021-02-10,252.181,12.328
2021-02-11,253.254,14.404
2021-02-12,252.237,8.810
2021-02-16,254.921,15.735
2021-02-17,255.044,12.489
2021-02-18,249.092,14.486
2021-02-19,248.226,13.860
2021-02-22,239.195,13.564
2021-02-23,238.018,15.049
2021-02-24,235.748,12.084
2021-02-25,226.18,16.920
2021-02-26,223.901,16.452
2021-03-01,227.602,13.225
2021-03-02,220.756,13.791
2021-03-03,222.498,12.781
2021-03-04,217.064,21.626
2021-03-05,220.257,15.056
2021-03-08,213.477,16.139
2021-03-09,224.259,14.400
2021-03-10,220.643,9.880
2021-03-11,226.764,14.279
2021-03-12,218.355,16.742
2021-03-15,216.857,13.655
2021-03-16,213.702,18.209
2021-03-17,219.739,15.962
2021-03-18,222.649,13.958
2021-03-19,225.813,15.029
2021-03-22,223.298,11.360
2021-03-23,223.816,11.579
2021-03-24,216.207,15.020
2021-03-25,209.738,23.373
2021-03-26,214.013,20.747
2021-03-29,218.345,16.978
2021-03-30,215.887,13.964
2021-03-31,213.514,15.845
2021-04-01,211.282,22.128
2021-04-05,212.167,14.090
2021-04-06,217.13,17.045
2021-04-07,212.281,16.984
2021-04-08,214.936,11.500
2021-04-09,210.294,18.611
2021-04-12,229.787,54.149
2021-04-13,227.79,19.581
2021-04-14,225.286,11.682
2021-04-15,225.154,10.631
2021-04-16,224.777,13.578
2021-04-19,221.095,10.562
2021-04-20,216.48,11.389
2021-04-21,216.066,13.481
2021-04-22,215.981,11.288
2021-04-23,218.552,8.444
2021-04-26,219.136,7.339
2021-04-27,222.169,10.967
2021-04-28,222.922,8.652
2021-04-29,220.53,8.996
2021-04-30,217.488,8.783
2021-05-03,217.262,12.827
2021-05-04,214.616,12.488
2021-05-05,213.561,9.430
2021-05-06,213.222,11.534
2021-05-07,212.177,9.935
2021-05-10,206.734,16.260
2021-05-11,208.476,13.078
2021-05-12,207.082,19.180
2021-05-13,194.068,48.681
2021-05-14,197.298,29.783
2021-05-17,198.748,19.333
2021-05-18,201.262,18.382
2021-05-19,200.151,16.038
2021-05-20,204.342,18.009
2021-05-21,198.758,21.495
2021-05-24,198.174,14.958
2021-05-25,198.824,13.293
2021-05-26,199.436,8.858
2021-05-27,200.34,17.591
2021-05-28,201.488,9.795
2021-06-01,206.687,21.709
2021-06-02,206.79,12.361
2021-06-03,204.389,11.723
2021-06-04,206.254,8.475
2021-06-07,204.257,9.350
2021-06-08,203.24,8.893
2021-06-09,200.886,9.637
2021-06-10,200.65,10.110
2021-06-11,199.304,11.561
2021-06-14,201.47,10.145
2021-06-15,197.816,11.458
2021-06-16,197.119,10.281
2021-06-17,199.266,10.579
2021-06-18,199.925,12.925
2021-06-21,198.758,8.733
2021-06-22,199.002,10.446
2021-06-23,202.336,12.982
2021-06-24,205.651,12.702
2021-06-25,215.181,25.788
2021-06-28,215.266,12.774
2021-06-29,216.066,9.675
2021-06-30,213.561,8.804
2021-07-01,208.937,12.540
2021-07-02,205.058,12.232
2021-07-06,199.266,22.337
2021-07-07,195.876,17.271
2021-07-08,188.201,32.011
2021-07-09,193.936,15.926
2021-07-12,193.503,10.603
2021-07-13,197.298,16.363
2021-07-14,199.172,18.348
2021-07-15,202.242,13.451
2021-07-16,199.737,10.500
2021-07-19,196.733,14.941
2021-07-20,198.315,9.405
2021-07-21,198.776,7.204
2021-07-22,201.564,9.947
2021-07-23,194.492,24.051
2021-07-26,180.583,52.488
2021-07-27,175.224,55.811
2021-07-28,184.585,32.522
2021-07-29,186.026,22.001
2021-07-30,183.813,16.245
2021-08-02,188.427,16.846
2021-08-03,185.875,18.943
2021-08-04,189.011,21.026
2021-08-05,187.664,9.305
2021-08-06,184.943,11.270
2021-08-09,183.869,13.803
2021-08-10,184.321,9.402
2021-08-11,183.502,8.461
2021-08-12,180.488,12.123
2021-08-13,177.626,14.481
2021-08-16,172.06,19.795
2021-08-17,163.604,38.194
2021-08-18,162.304,32.338
2021-08-19,151.192,62.777
2021-08-20,148.753,71.522
2021-08-23,151.672,83.529
2021-08-24,161.692,59.127
2021-08-25,159.243,24.537
2021-08-26,155.608,17.720
2021-08-27,150.175,29.869
2021-08-30,152.83,22.384
2021-08-31,157.256,23.193
2021-09-01,163.18,27.828
2021-09-02,161.974,27.594
2021-09-03,160.373,15.466
2021-09-07,164.95,23.174
2021-09-08,160.76,17.886
2021-09-09,157.567,16.288
2021-09-10,158.302,14.186
2021-09-13,155.768,14.558
2021-09-14,150.815,19.706
2021-09-15,148.658,29.943
2021-09-16,147.152,22.939
2021-09-17,150.721,24.003
2021-09-20,142.66,34.069
2021-09-21,141.426,18.358
2021-09-22,143.036,18.676
2021-09-23,142.377,23.267
2021-09-24,136.623,30.198
2021-09-27,141.426,22.872
2021-09-28,143.507,24.767
2021-09-29,138.978,16.349
2021-09-30,139.42,13.458
2021-10-01,135.795,19.033
2021-10-04,131.491,23.749
2021-10-05,134.796,13.214
2021-10-06,135.701,14.009
2021-10-07,146.907,43.353
2021-10-08,152.105,31.547
2021-10-11,154.393,39.734
2021-10-12,153.499,23.084
2021-10-13,157.642,17.511
2021-10-14,157.059,16.389
2021-10-15,158.208,19.553
2021-10-18,157.096,17.842
2021-10-19,166.683,31.584
2021-10-20,166.852,31.749
2021-10-21,167.078,15.485
2021-10-22,167.342,19.594
2021-10-25,165.901,12.355
2021-10-26,160.081,16.552
2021-10-27,159.366,11.114
2021-10-28,159.893,11.715
2021-10-29,155.326,16.155
2021-11-01,160.251,16.583
2021-11-02,153.405,17.961
2021-11-03,156.55,12.779
2021-11-04,155.185,15.698
2021-11-05,149.478,20.810
2021-11-08,152.708,15.277
2021-11-09,150.853,13.193
2021-11-10,154.412,16.213
2021-11-11,158.066,15.771
2021-11-12,157.087,12.941
2021-11-15,156.833,9.093
2021-11-16,158.612,11.195
2021-11-17,152.162,17.732
2021-11-18,135.23,57.983
2021-11-19,132.16,26.910
2021-11-22,128.657,24.852
2021-11-23,125.869,22.698
2021-11-24,128.562,18.844
2021-11-26,125.577,13.951
2021-11-29,123.939,17.562
2021-11-30,120.096,30.724
2021-12-01,115.35,27.502
2021-12-02,114.889,32.469
2021-12-03,105.434,66.171
2021-12-06,116.396,40.598
2021-12-07,118.222,36.296
2021-12-08,117.789,20.977
2021-12-09,116.687,22.130
2021-12-10,117.77,14.133
2021-12-13,115.115,14.898
2021-12-14,119.202,16.660
2021-12-15,115.331,23.442
2021-12-16,113.241,21.220
2021-12-17,114.983,18.628
2021-12-20,108.297,22.573
2021-12-21,115.812,16.985
2021-12-22,110.943,23.074
2021-12-23,111.743,16.540
2021-12-27,109.794,16.823
2021-12-28,108.108,16.058
2021-12-29,105.556,19.871
2021-12-30,115.821,42.789
2021-12-31,111.866,22.871
2022-01-03,113.363,15.797
2022-01-04,112.591,19.610
2022-01-05,114.098,34.515
2022-01-06,119.249,30.178
2022-01-07,122.243,35.891
2022-01-10,120.822,22.010
2022-01-11,124.485,22.240
2022-01-12,129.4,24.448
2022-01-13,123.713,18.728
2022-01-14,123.901,17.530
2022-01-18,121.104,24.600
2022-01-19,120.294,13.810
2022-01-20,123.392,27.278
2022-01-21,116.047,24.806
2022-01-24,113.354,26.848
2022-01-25,112.196,20.929
2022-01-26,106.762,25.909
2022-01-27,105.274,20.221
2022-01-28,108.513,17.791
2022-01-31,118.458,19.161
2022-02-01,119.804,14.160
2022-02-02,115.717,13.231
2022-02-03,116.273,15.681
2022-02-04,115.096,12.749
2022-02-07,108.127,26.923
2022-02-08,114.795,21.038
2022-02-09,119.126,17.190
2022-02-10,116.753,15.177
2022-02-11,115.124,13.080
2022-02-14,114.813,12.388
2022-02-15,118.882,13.782
2022-02-16,118.241,16.944
2022-02-17,117.177,14.979
2022-02-18,112.054,19.966
2022-02-22,106.347,20.487
2022-02-23,103.325,23.062
2022-02-24,102.581,33.237
2022-02-25,101.648,20.179
2022-02-28,99.0586,21.719
2022-03-01,100.848,19.982
2022-03-02,99.2752,19.580
2022-03-03,96.1016,20.460
2022-03-04,94.7361,23.142
2022-03-07,92.9092,19.474
2022-03-08,91.8168,21.919
2022-03-09,95.0469,19.638
2022-03-10,87.5038,35.475
2022-03-11,81.6558,37.049
2022-03-14,73.2275,65.913
2022-03-15,72.2857,81.184
2022-03-16,98.8608,150.518
2022-03-17,94.5195,75.961
2022-03-18,101.987,78.898
2022-03-21,97.5518,55.451
2022-03-22,108.287,83.053
2022-03-23,110.406,76.849
2022-03-24,108.438,52.595
2022-03-25,106.404,39.925
2022-03-28,108.382,28.410
2022-03-29,109.907,26.425
2022-03-30,109.785,26.727
2022-03-31,102.458,29.419
2022-04-01,103.777,52.616
2022-04-04,110.651,36.810
2022-04-05,104.53,33.173
2022-04-06,101.403,22.356
2022-04-07,98.1922,25.251
2022-04-08,97.4953,19.602
2022-04-11,95.6308,22.134
2022-04-12,93.9357,22.557
2022-04-13,94.1994,17.262
2022-04-14,89.924,19.711
2022-04-18,89.1895,18.042
2022-04-19,88.05,22.479
2022-04-20,84.1984,19.729
2022-04-21,80.9777,24.145
2022-04-22,81.4486,23.665
2022-04-25,80.8365,23.236
2022-04-26,79.0943,19.959
2022-04-27,83.1719,27.641
2022-04-28,85.611,16.675
2022-04-29,91.4307,42.314
2022-05-02,95.3106,23.994
2022-05-03,94.529,14.329
2022-05-04,95.4989,16.707
2022-05-05,89.1235,17.585
2022-05-06,84.8011,17.486
2022-05-09,79.8948,21.978
2022-05-10,79.6405,22.037
2022-05-11,76.966,23.507
2022-05-12,76.3634,22.444
2022-05-13,82.8612,18.908
2022-05-16,81.4392,18.500
2022-05-17,86.628,25.737
2022-05-18,82.2208,17.884
2022-05-19,82.5786,19.565
2022-05-20,81.7311,19.796
2022-05-23,82.1455,13.182
2022-05-24,77.6629,14.328
2022-05-25,77.5122,21.748
2022-05-26,88.9729,47.862
2022-05-27,87.9652,25.159
2022-05-31,90.4513,31.820
2022-06-01,87.937,22.348
2022-06-02,91.8168,21.874
2022-06-03,87.7769,14.932
2022-06-06,93.2388,35.114
2022-06-07,98.2393,33.863
2022-06-08,112.647,86.955
2022-06-09,103.494,68.286
2022-06-10,103.438,46.953
2022-06-13,92.7774,34.275
2022-06-14,99.0963,26.902
2022-06-15,101.733,22.626
2022-06-16,95.5366,21.055
2022-06-17,96.2805,68.763
2022-06-21,100.189,31.995
2022-06-22,99.0209,22.820
2022-06-23,105.575,31.291
2022-06-24,110.764,25.454
2022-06-27,111.809,20.458
2022-06-28,109.954,17.572
2022-06-29,109.267,12.990
2022-06-30,107.054,13.030
2022-07-01,109.239,15.707
2022-07-05,113.128,19.766
2022-07-06,112.177,19.044
2022-07-07,115.256,22.791
2022-07-08,113.853,25.635
2022-07-11,103.183,29.428
2022-07-12,102.844,21.018
2022-07-13,102.741,15.879
2022-07-14,97.7119,33.256
2022-07-15,96.4689,31.615
2022-07-18,97.1281,19.308
2022-07-19,98.6442,18.686
2022-07-20,97.9003,20.621
2022-07-21,99.0021,16.824
2022-07-22,94.7456,17.723
2022-07-25,95.1693,15.636
2022-07-26,95.5272,26.372
2022-07-27,96.7891,18.238
2022-07-28,94.689,31.901
2022-07-29,84.1607,55.751
2022-08-01,85.0742,33.950
2022-08-02,87.2213,32.424
2022-08-03,90.1406,22.527
2022-08-04,91.7509,40.039
2022-08-05,87.1648,25.620
2022-08-08,85.545,15.250
2022-08-09,85.8746,15.769
2022-08-10,87.0424,16.815
2022-08-11,89.3401,16.500
2022-08-12,89.246,16.806
2022-08-15,88.7092,13.584
2022-08-16,87.2495,11.304
2022-08-17,84.5374,13.647
2022-08-18,85.4509,12.636
2022-08-19,84.4056,11.644
2022-08-22,84.7822,14.639
2022-08-23,84.5939,16.335
2022-08-24,87.1271,21.479
2022-08-25,94.0675,36.887
2022-08-26,92.2877,43.105
2022-08-29,90.9693,17.255
2022-08-30,88.3702,16.824
2022-08-31,89.8487,15.227
2022-09-01,88.2477,11.234
2022-09-02,86.4491,11.657
2022-09-06,83.2943,14.666
2022-09-07,85.319,12.010
2022-09-08,84.302,12.517
2022-09-09,86.7693,10.119
2022-09-12,89.1706,14.694
2022-09-13,84.2549,19.917
2022-09-14,83.7369,10.212
2022-09-15,83.6522,11.478
2022-09-16,81.3921,18.196
2022-09-19,82.5504,12.075
2022-09-20,80.7988,18.014
2022-09-21,76.8436,22.457
2022-09-22,76.0055,18.025
2022-09-23,74.2068,19.298
2022-09-26,74.3104,16.838
2022-09-27,73.331,15.986
2022-09-28,76.2692,19.517
2022-09-29,74.4517,16.869
2022-09-30,75.3275,16.119
2022-10-03,75.7607,12.477
2022-10-04,79.2073,17.188
2022-10-05,79.471,12.425
2022-10-06,79.4051,10.908
2022-10-07,76.5046,10.954
2022-10-10,74.6212,13.251
2022-10-11,70.9768,17.316
2022-10-12,71.3158,12.476
2022-10-13,70.6377,16.540
2022-10-14,68.7637,12.878
2022-10-17,72.2952,13.643
2022-10-18,71.8902,14.098
2022-10-19,67.1157,21.748
2022-10-20,67.822,18.056
2022-10-21,67.9727,18.389
2022-10-24,59.4691,95.135
2022-10-25,59.535,65.263
2022-10-26,64.5166,49.871
2022-10-27,62.0023,24.308
2022-10-28,60.0247,26.969
2022-10-31,59.874,19.442
2022-11-01,62.0211,25.668
2022-11-02,60.9287,26.649
2022-11-03,61.409,21.999
2022-11-04,65.7408,48.302
2022-11-07,65.6467,24.567
2022-11-08,64.1588,22.479
2022-11-09,61.0605,20.811
2022-11-10,65.7032,27.081
2022-11-11,66.6449,36.466
2022-11-14,67.1723,28.544
2022-11-15,74.6777,50.052
2022-11-16,73.6041,25.085
2022-11-17,79.3486,58.434
2022-11-18,75.7889,27.807
2022-11-21,72.4458,17.897
2022-11-22,71.5606,19.488
2022-11-23,73.9243,17.923
2022-11-25,71.0992,12.277
2022-11-28,71.457,17.994
2022-11-29,75.205,22.769
2022-11-30,82.4562,56.662
2022-12-01,80.9306,19.063
2022-12-02,84.8105,33.000
2022-12-05,85.2437,29.127
2022-12-06,86.1195,25.121
2022-12-07,83.1813,18.370
2022-12-08,88.6809,27.537
2022-12-09,86.0159,14.551
2022-12-12,84.1984,14.305
2022-12-13,86.0818,19.918
2022-12-14,85.611,14.668
2022-12-15,81.1849,28.646
2022-12-16,81.7311,23.622
2022-12-19,82.0795,19.528
2022-12-20,80.9118,14.423
2022-12-21,82.6916,17.151
2022-12-22,82.8423,15.072
2022-12-23,80.6576,16.903
2022-12-27,84.6222,21.622
2022-12-28,82.1172,15.321
2022-12-29,83.9347,11.805
2022-12-30,82.9553,11.232
2023-01-03,86.6186,26.265
2023-01-04,97.8626,50.185
2023-01-05,98.4841,28.628
2023-01-06,101.14,19.844
2023-01-09,104.37,39.632
2023-01-10,108.184,31.527
2023-01-11,108.316,21.475
2023-01-12,106.555,15.624
2023-01-13,110.19,24.122
2023-01-17,108.476,15.958
2023-01-18,106.62,14.453
2023-01-19,109.785,17.412
2023-01-20,112.873,17.274
2023-01-23,112.563,12.798
2023-01-24,112.478,7.352
2023-01-25,113.241,9.139
2023-01-26,113.542,10.520
2023-01-27,111.48,16.977
2023-01-30,104.718,20.641
2023-01-31,103.777,14.436
2023-02-01,106.244,15.654
2023-02-02,103.343,22.033
2023-02-03,100.132,15.051
2023-02-06,99.3034,14.443
2023-02-07,99.3505,15.879
2023-02-08,98.9833,13.494
2023-02-09,102.138,15.332
2023-02-10,97.6084,17.682
2023-02-13,98.6819,17.458
2023-02-14,98.1451,12.222
2023-02-15,97.0716,17.168
2023-02-16,97.0998,20.479
2023-02-17,94.1805,17.065
2023-02-21,89.5567,25.589
2023-02-22,89.2554,23.057
2023-02-23,88.6715,38.123
2023-02-24,83.8123,34.066
2023-02-27,84.0477,24.334
2023-02-28,82.6728,23.163
2023-03-01,84.7069,33.369
2023-03-02,84.5186,23.382
2023-03-03,84.4715,24.328
2023-03-06,84.3961,15.994
2023-03-07,83.558,13.669
2023-03-08,81.8818,13.863
2023-03-09,78.5105,22.910
2023-03-10,78.1243,17.067
2023-03-13,78.0678,16.808
2023-03-14,78.9625,18.953
2023-03-15,76.7589,19.800
2023-03-16,77.4275,21.544
2023-03-17,76.9095,22.329
2023-03-20,76.2786,18.398
2023-03-21,78.8212,15.566
2023-03-22,78.7741,19.969
2023-03-23,81.4768,25.296
2023-03-24,81.8347,19.147
2023-03-27,81.1002,17.194
2023-03-28,92.6644,111.946
2023-03-29,94.0958,50.565
2023-03-30,97.3541,54.413
2023-03-31,96.224,26.728
2023-04-03,92.655,25.321
2023-04-04,94.8491,25.302
2023-04-05,92.8056,18.945
2023-04-06,96.7514,25.284
2023-04-10,95.6213,15.358
2023-04-11,93.9451,17.909
2023-04-12,88.3702,33.446
2023-04-13,90.5644,22.819
2023-04-14,89.0388,13.277
2023-04-17,90.7998,14.798
2023-04-18,89.924,19.467
2023-04-19,88.0406,17.879
2023-04-20,85.4509,24.046
2023-04-21,83.9347,21.751
2023-04-24,81.8253,21.431
2023-04-25,78.0867,34.317
2023-04-26,77.9925,23.527
2023-04-27,79.5463,23.078
2023-04-28,79.7535,17.054
2023-05-01,79.2544,12.157
2023-05-02,76.7777,19.484
2023-05-03,76.7306,16.724
2023-05-04,77.6817,22.388
2023-05-05,78.3692,16.506
2023-05-08,78.4539,16.379
2023-05-09,77.4275,12.673
2023-05-10,78.1149,15.885
2023-05-11,82.767,26.466
2023-05-12,80.3656,17.933
2023-05-15,83.1908,22.310
2023-05-16,83.5863,17.118
2023-05-17,85.3944,26.058
2023-05-18,80.7706,56.746
2023-05-19,79.0849,20.314
2023-05-22,81.0813,15.963
2023-05-23,78.049,18.757
2023-05-24,76.4764,16.052
2023-05-25,74.188,20.540
2023-05-26,76.2503,15.443
2023-05-30,74.0844,19.973
2023-05-31,74.9131,15.262
2023-06-01,78.162,21.864
2023-06-02,79.358,16.589
2023-06-05,79.4804,7.726
2023-06-06,81.6463,17.376
2023-06-07,80.3091,12.136
2023-06-08,81.119,10.623
2023-06-09,80.5163,12.151
2023-06-12,80.8553,10.885
2023-06-13,82.4091,15.834
2023-06-14,84.1513,20.265
2023-06-15,86.8258,25.022
2023-06-16,86.7316,23.625
2023-06-20,82.8047,22.020
2023-06-21,81.7123,14.276
2023-06-22,81.8253,9.674
2023-06-23,79.9701,14.038
2023-06-26,80.488,10.179
2023-06-27,82.0513,13.179
2023-06-28,79.6593,13.291
2023-06-29,78.68,12.584
2023-06-30,78.4916,11.465
2023-07-03,79.1696,10.843
2023-07-05,79.3862,10.551
2023-07-06,78.9531,12.177
2023-07-07,85.2719,44.253
2023-07-10,85.2814,23.921
2023-07-11,86.4397,19.558
2023-07-12,88.5208,22.753
2023-07-13,90.9787,22.621
2023-07-14,89.0482,17.796
2023-07-17,87.9652,16.308
2023-07-18,85.884,19.043
2023-07-19,86.7222,16.224
2023-07-20,86.5432,13.893
2023-07-21,86.7975,13.089
2023-07-24,90.7339,31.431
2023-07-25,89.4437,24.322
2023-07-26,91.4778,14.910
2023-07-27,89.8769,17.596
2023-07-28,94.689,30.094
2023-07-31,96.2052,16.693
2023-08-01,94.2653,13.498
2023-08-02,89.5285,18.318
2023-08-03,91.8922,14.475
2023-08-04,91.2518,12.692
2023-08-07,90.9316,13.084
2023-08-08,88.728,12.718
2023-08-09,89.3213,17.554
2023-08-10,93.4272,50.093
2023-08-11,90.1406,23.753
2023-08-14,88.0123,16.556
2023-08-15,86.2513,13.896
2023-08-16,83.9253,21.935
2023-08-17,85.3661,14.815
2023-08-18,82.8988,19.234
2023-08-21,83.4073,13.341
2023-08-22,82.9459,10.903
2023-08-23,84.6033,11.475
2023-08-24,83.9159,10.062
2023-08-25,84.5845,10.719
2023-08-28,86.8634,13.762
2023-08-29,88.5491,15.941
2023-08-30,88.1912,12.977
2023-08-31,87.485,12.555
2023-09-01,89.472,16.452
2023-09-05,89.133,9.509
2023-09-06,88.9446,9.534
2023-09-07,84.7257,17.579
2023-09-08,84.8011,9.731
2023-09-11,83.5392,14.854
2023-09-12,83.1531,9.664
2023-09-13,82.5316,10.015
2023-09-14,82.8706,8.139
2023-09-15,81.9948,9.556
2023-09-18,81.9477,8.750
2023-09-19,82.0325,8.708
2023-09-20,80.7423,8.690
2023-09-21,79.2073,10.019
2023-09-22,83.1531,21.160
2023-09-25,82.136,9.320
2023-09-26,80.9024,9.103
2023-09-27,81.1661,6.812
2023-09-28,80.554,9.505
2023-09-29,81.684,9.092
2023-10-02,81.4863,7.731
2023-10-03,79.6123,10.781
2023-10-04,79.1791,8.386
2023-10-05,78.793,9.732
2023-10-06,81.0437,12.641
2023-10-09,79.9042,10.246
2023-10-10,82.089,12.768
2023-10-11,82.6634,10.464
2023-10-12,79.584,15.216
2023-10-13,79.1226,9.724
2023-10-16,79.3957,9.488
2023-10-17,79.019,7.788
2023-10-18,78.1714,8.778
2023-10-19,76.853,11.888
2023-10-20,75.2804,13.783
2023-10-23,75.8172,11.974
2023-10-24,78.0396,16.881
2023-10-25,76.3068,10.726
2023-10-26,77.7006,12.252
2023-10-27,77.9925,10.166
2023-10-30,78.2939,8.457
2023-10-31,77.7288,11.389
2023-11-01,77.6723,8.993
2023-11-02,78.5481,9.988
2023-11-03,80.3374,14.265
2023-11-06,80.3845,9.216
2023-11-07,80.4315,8.315
2023-11-08,79.8571,7.679
2023-11-09,77.9078,10.251
2023-11-10,77.9266,9.209
2023-11-13,77.4652,10.582
2023-11-14,78.9813,19.679
2023-11-15,81.9948,27.301
2023-11-16,74.4988,59.336
2023-11-17,73.0768,33.428
2023-11-20,73.8867,29.670
2023-11-21,74.3387,19.329
2023-11-22,74.3575,17.854
2023-11-24,73.9149,11.538
2023-11-27,73.0109,17.185
2023-11-28,72.2669,22.302
2023-11-29,70.3176,29.164
2023-11-30,70.5153,16.842
2023-12-01,69.6772,26.367
2023-12-04,68.7732,19.846
2023-12-05,68.161,18.014
2023-12-06,67.3229,28.623
2023-12-07,68.114,17.861
2023-12-08,67.935,15.929
2023-12-11,67.2099,18.570
2023-12-12,67.2288,13.868
2023-12-13,67.2947,20.455
2023-12-14,68.2835,23.730
2023-12-15,70.1669,29.501
2023-12-18,69.5359,16.229
2023-12-19,70.9956,19.719
2023-12-20,69.9842,26.276
2023-12-21,72.7607,19.857
2023-12-22,71.8257,19.086
2023-12-26,72.3695,12.519
2023-12-27,72.6176,14.221
2023-12-28,73.6957,18.069
2023-12-29,73.9533,13.448
2024-01-02,71.3295,20.742
2024-01-03,73.0756,23.323
2024-01-04,71.2341,17.608
2024-01-05,69.6598,20.728
2024-01-08,69.5358,20.990
2024-01-09,68.7153,20.467
2024-01-10,68.1333,18.643
2024-01-11,69.0587,17.265
2024-01-12,68.5435,15.406
2024-01-16,66.2727,26.340
2024-01-17,65.7671,21.644
2024-01-18,64.9274,18.421
2024-01-19,66.2346,32.962
2024-01-22,65.4808,26.042
2024-01-23,70.6235,50.585
2024-01-24,71.7493,34.828
2024-01-25,70.4613,22.201
2024-01-26,70.614,18.527
2024-01-29,70.2037,16.733
2024-01-30,69.0015,16.305
2024-01-31,68.8584,15.021
2024-02-01,69.1351,13.783
2024-02-02,68.5531,17.960
2024-02-05,71.2055,26.449
2024-02-06,74.6403,37.276
2024-02-07,70.2609,51.299
2024-02-08,67.5322,31.553
2024-02-09,68.7153,18.127
2024-02-12,69.7839,17.318
2024-02-13,68.3145,12.938
2024-02-14,70.0224,12.229
2024-02-15,70.4327,11.524
2024-02-16,70.5185,15.641
2024-02-20,69.7839,13.695
2024-02-21,72.1119,22.398
2024-02-22,72.6271,14.156
2024-02-23,72.4745,11.737
2024-02-26,72.9992,13.332
2024-02-27,74.1155,13.825
2024-02-28,71.1673,16.130
2024-02-29,70.633,11.973
2024-03-01,71.196,11.430
2024-03-04,68.6962,18.653
2024-03-05,68.763,15.079
2024-03-06,70.3277,18.877
2024-03-07,69.2114,11.807
2024-03-08,70.1751,15.676
2024-03-11,71.4249,12.890
2024-03-12,72.5699,12.704
2024-03-13,72.8847,14.617
2024-03-14,70.0319,18.055
2024-03-15,70.051,9.764
2024-03-18,70.1464,8.151
2024-03-19,70.051,7.790
2024-03-20,70.7762,10.613
2024-03-21,70.4422,11.316
2024-03-22,68.8202,12.185
2024-03-25,68.181,11.852
2024-03-26,68.2,10.383
2024-03-27,68.305,12.672
2024-03-28,69.0397,13.428
2024-04-01,70.0033,13.655
2024-04-02,69.5358,16.497
2024-04-03,69.116,11.237
2024-04-04,68.6485,10.578
2024-04-05,68.3718,11.698
2024-04-08,68.4195,10.075
2024-04-09,69.6408,13.415
2024-04-10,71.1673,19.628
2024-04-11,71.4154,14.299
2024-04-12,68.0188,17.395
2024-04-15,67.3795,15.174
2024-04-16,66.4159,16.677
2024-04-17,65.6621,12.175
2024-04-18,65.7193,9.055
2024-04-19,65.9006,12.484
2024-04-22,67.4368,14.327
2024-04-23,69.1828,14.568
2024-04-24,71.2055,15.624
2024-04-25,71.6635,11.375
2024-04-26,72.0833,13.564
2024-04-29,72.9038,12.476
2024-04-30,71.4154,12.266
2024-05-01,72.0451,10.065
2024-05-02,76.644,34.982
2024-05-03,77.5981,18.468
2024-05-06,77.808,11.283
2024-05-07,75.728,13.920
2024-05-08,74.8598,10.807
2024-05-09,75.8139,9.186
2024-05-10,76.3673,10.323
2024-05-13,80.718,30.542
2024-05-14,75.8616,42.637
2024-05-15,77.2737,16.986
2024-05-16,82.7217,45.091
2024-05-17,84.4772,33.540
2024-05-20,84.2292,15.969
2024-05-21,82.1778,15.755
2024-05-22,78.8861,18.813
2024-05-23,77.0924,22.832
2024-05-24,77.5313,39.554
2024-05-28,76.8825,14.514
2024-05-29,75.4322,17.602
2024-05-30,75.9761,13.239
2024-05-31,74.7453,19.105
2024-06-03,74.3255,13.591
2024-06-04,74.8502,10.290
2024-06-05,76.1669,13.087
2024-06-06,76.3386,10.691
2024-06-07,74.8121,11.631
2024-06-10,75.6612,9.040
2024-06-11,74.3255,10.599
2024-06-12,74.459,11.516
2024-06-13,73.7573,13.670
2024-06-14,71.4865,17.818
2024-06-17,72.656,13.124
2024-06-18,72.5683,10.043
2024-06-20,72.4611,9.463
2024-06-21,71.7984,9.925
2024-06-24,72.8899,19.623
2024-06-25,71.9153,16.484
2024-06-26,72.2857,6.832
2024-06-27,70.5314,11.564
2024-06-28,70.1708,10.072
2024-07-01,70.3462,8.805
2024-07-02,71.8081,13.078
2024-07-03,73.6501,11.470
2024-07-05,72.6268,14.549
2024-07-08,71.6327,10.642
2024-07-09,73.7768,14.091
2024-07-10,74.0789,11.924
2024-07-11,76.5252,18.417
2024-07-12,77.6265,14.480
2024-07-15,76.0281,12.294
2024-07-16,76.3887,11.992
2024-07-17,75.0828,10.541
2024-07-18,74.5955,10.826
2024-07-19,73.3577,7.365
2024-07-22,74.6929,8.934
2024-07-23,74.1667,7.794
2024-07-24,73.8743,7.723
2024-07-25,73.4844,7.965
2024-07-26,74.5857,10.608
2024-07-29,76.6226,16.923
2024-07-30,76.0184,8.218
2024-07-31,76.8468,11.869
2024-08-01,75.9989,8.342
2024-08-02,75.4824,10.534
2024-08-05,75.0243,15.733
2024-08-06,75.9209,11.821
2024-08-07,75.8527,9.448
2024-08-08,78.2697,13.649
2024-08-09,77.9578,7.559
2024-08-12,78.8545,11.820
2024-08-13,79.0396,9.128
2024-08-14,77.451,17.599
2024-08-15,77.5193,30.816
2024-08-16,81.0668,24.608
2024-08-19,81.7782,14.376
2024-08-20,78.9811,17.426
2024-08-21,81.4079,14.317
2024-08-22,80.8524,9.482
2024-08-23,83.2401,16.878
2024-08-26,79.6829,28.577
2024-08-27,79.3807,8.797
2024-08-28,77.5972,13.668
2024-08-29,78.9617,13.795
2024-08-30,81.2227,19.518
2024-09-03,80.1799,11.343
2024-09-04,80.3748,10.832
2024-09-05,80.3358,8.246
2024-09-06,79.1176,11.415
2024-09-09,79.371,10.169
2024-09-10,81.671,14.938
2024-09-11,82.6554,11.258
2024-09-12,83.3181,10.501
2024-09-13,82.5384,8.757
2024-09-16,81.4761,11.011
2024-09-17,82.5482,9.857
2024-09-18,82.2753,7.659
2024-09-19,86.2419,18.145
2024-09-20,86.047,11.965
2024-09-23,87.8012,19.242
2024-09-24,94.7209,46.218
2024-09-25,93.0348,18.339
2024-09-26,102.401,65.553
2024-09-27,104.603,48.803
2024-09-30,103.424,57.074
2024-10-01,109.876,43.374
2024-10-02,112.322,52.368
2024-10-03,109.973,28.523
2024-10-04,111.62,24.993
2024-10-07,114.534,37.428
2024-10-08,106.894,36.464
2024-10-09,105.149,28.061
2024-10-10,106.504,19.235
2024-10-11,107.342,17.584
2024-10-14,105.071,20.809
2024-10-15,99.2527,28.207
2024-10-16,99.5743,16.015
2024-10-17,97.5277,15.407
2024-10-18,99.8277,20.296
2024-10-21,98.3463,10.066
2024-10-22,97.9078,20.125
2024-10-23,95.5103,13.292
2024-10-24,93.9119,13.257
2024-10-25,94.945,16.546
2024-10-28,97.3912,15.637
2024-10-29,97.2938,13.338
2024-10-30,96.1925,9.921
2024-10-31,95.4908,8.166
2024-11-01,95.1009,8.285
2024-11-04,95.9001,8.461
2024-11-05,96.6895,10.530
2024-11-06,94.2725,17.701
2024-11-07,97.5959,15.925
2024-11-08,91.7971,24.248
2024-11-11,92.9958,12.238
2024-11-12,89.4483,21.092
2024-11-13,89.6627,12.547
2024-11-14,88.2788,16.516
2024-11-15,86.3393,30.230
2024-11-18,87.08,13.139
2024-11-19,84.8969,18.799
2024-11-20,84.5656,14.789
2024-11-21,83.4058,15.466
2024-11-22,81.0181,24.364
2024-11-25,83.4058,14.736
2024-11-26,83.016,9.981
2024-11-27,84.3901,13.262
2024-11-29,85.1503,7.362
2024-12-02,83.7664,16.117
2024-12-03,83.5033,13.314
2024-12-04,82.7723,13.268
2024-12-05,82.0121,12.650
2024-12-06,83.7469,11.453
2024-12-09,89.9746,31.935
2024-12-10,87.5478,13.507
2024-12-11,86.7194,9.615
2024-12-12,86.9631,9.698
2024-12-13,85.5889,11.314
2024-12-16,83.8736,12.881
2024-12-17,84.9359,12.951
2024-12-18,82.8405,11.032
2024-12-19,82.1681,13.445
2024-12-20,80.1896,20.730
2024-12-23,82.977,19.546
2024-12-24,83.3473,5.102
2024-12-26,83.8931,11.704
2024-12-27,82.899,8.410
2024-12-30,81.9926,10.458
2024-12-31,82.6359,7.227
2025-01-02,82.7918,10.365
2025-01-03,83.3668,7.494
2025-01-06,83.3473,17.618
2025-01-07,82.3338,10.861
2025-01-08,81.5638,9.416
2025-01-10,78.4841,15.003
2025-01-13,78.4939,10.454
2025-01-14,79.6049,8.551
2025-01-15,80.3456,11.360
2025-01-16,80.3358,7.374
2025-01-17,82.9575,20.596
2025-01-21,83.2109,16.665
2025-01-22,84.205,10.092
2025-01-23,83.9126,8.991
2025-01-24,86.8754,18.314
2025-01-27,87.7038,25.339
2025-01-28,93.5903,30.501
2025-01-29,94.2628,73.146
2025-01-30,100.13,44.762
2025-01-31,96.3289,35.491
2025-02-03,96.1048,28.539
2025-02-04,99.7498,29.118
2025-02-05,96.7578,16.586
2025-02-06,97.8298,12.450
2025-02-07,100.88,38.534
2025-02-10,108.492,41.351
2025-02-11,109.915,53.604
2025-02-12,115.324,42.906
2025-02-13,116.503,33.555
2025-02-14,121.561,51.390
2025-02-18,123.676,41.082
2025-02-19,122.594,34.262
2025-02-20,132.516,115.830
2025-02-21,140.098,72.015
2025-02-24,125.762,72.235
2025-02-25,130.605,37.893
2025-02-26,135.547,39.513
2025-02-27,133.081,23.253
2025-02-28,129.143,24.231
2025-03-03,127.487,21.956
2025-03-04,126.551,24.722
2025-03-05,137.447,36.337
2025-03-06,136.395,34.581
2025-03-07,137.048,31.094
2025-03-10,129.173,32.634
2025-03-11,135.488,28.356
2025-03-12,133.656,23.274
2025-03-13,134.835,19.995
2025-03-14,137.515,16.940
2025-03-17,143.821,33.036
2025-03-18,139.114,20.418
2025-03-19,139.562,15.919
2025-03-20,133.432,23.046
2025-03-21,131.707,13.615
2025-03-24,131.064,13.663
2025-03-25,129.377,17.488
2025-03-26,128.88,15.529
2025-03-27,132.184,16.264
2025-03-28,129.066,12.934
2025-03-31,128.871,11.874
2025-04-01,129.329,11.332
2025-04-02,126.493,20.701
2025-04-03,126.044,29.830
2025-04-04,113.579,55.702
2025-04-07,103.287,59.827
2025-04-08,96.8455,50.777
2025-04-09,102.118,73.077
2025-04-10,101.533,51.784
2025-04-11,104.993,39.493
2025-04-14,111.075,32.090
2025-04-15,109.427,15.761
2025-04-16,104.038,17.574
2025-04-17,106.104,17.431
2025-04-21,107.352,11.837
2025-04-22,112.936,26.960
2025-04-23,115.948,25.108
2025-04-24,116.259,13.348
2025-04-25,117.224,9.070
2025-04-28,115.363,10.475
2025-04-29,115.86,8.085
2025-04-30,116.396,9.887
2025-05-01,117.468,8.469
2025-05-02,122.565,17.633
2025-05-05,123.354,9.618
2025-05-06,124.417,17.464
2025-05-07,120.099,15.573
2025-05-08,122.594,10.571
2025-05-09,122.146,10.888
2025-05-12,129.182,22.057
2025-05-13,128.305,15.714
2025-05-14,130.644,17.814
2025-05-15,120.752,34.542
2025-05-16,120.324,19.580
2025-05-19,119.836,10.913
2025-05-20,121.98,11.490
2025-05-21,120.45,8.305
2025-05-22,118.394,7.622
2025-05-23,117.663,6.981
2025-05-27,116.484,8.327
2025-05-28,113.774,11.410
2025-05-29,114.203,12.042
2025-05-30,110.948,16.776
2025-06-02,111.835,12.813
2025-06-03,112.049,13.653
2025-06-04,116.415,17.655
2025-06-05,116.912,14.943
2025-06-06,116.347,9.505
2025-06-09,118.394,10.146
2025-06-10,118.784,8.667
2025-06-11,117.273,10.178
2025-06-12,115.559,10.112
2025-06-13,111.843,13.234
2025-06-16,114.905,10.150
2025-06-17,113.983,10.113
2025-06-18,112.457,13.875
2025-06-20,111.982,12.621
2025-06-23,112.061,12.422
2025-06-24,115.945,16.969
2025-06-25,113.508,12.719
2025-06-26,112.893,8.312
2025-06-27,113.042,12.243
2025-06-30,112.378,10.362
2025-07-01,112.933,9.159
2025-07-02,109.702,13.718
2025-07-03,107.711,11.739
2025-07-07,105.303,17.287
2025-07-08,107.007,11.217
2025-07-09,102.885,24.385
2025-07-10,105.67,13.431
2025-07-11,105.749,10.677
2025-07-14,107.235,13.111
2025-07-15,115.906,34.469
2025-07-16,114.677,14.308
2025-07-17,116.232,14.441
2025-07-18,119.136,26.544
2025-07-21,119.175,17.774
2025-07-22,119.612,11.446
2025-07-23,121.465,12.757
2025-07-24,120.048,11.275
2025-07-25,118.938,6.996
2025-07-28,121.038,11.105
2025-07-29,118.274,13.476
2025-07-30,116.312,12.678
2025-07-31,119.532,13.526
2025-08-01,116.005,12.311
2025-08-04,116.431,7.206
2025-08-05,115.975,5.832
2025-08-06,119.76,11.970
2025-08-07,119.859,9.394
2025-08-08,119.265,9.675
2025-08-11,117.56,11.962
2025-08-12,121.306,11.831
2025-08-13,125.705,19.186
2025-08-14,121.167,14.909
2025-08-15,120.157,11.040
2025-08-18,120.295,8.473
2025-08-19,118.898,8.032
2025-08-20,118.403,7.031
2025-08-21,117.015,8.156
2025-08-22,121.821,13.729
2025-08-25,123.218,12.771
2025-08-26,123.06,8.627
2025-08-27,121.118,13.707
2025-08-28,118.482,14.369
2025-08-29,133.771,81.417
2025-09-02,137.289,41.247
2025-09-03,135.208,16.321
2025-09-04,129.729,24.506
2025-09-05,134.346,19.028
2025-09-08,139.915,19.912
2025-09-09,145.761,32.494
2025-09-10,142.62,20.888
2025-09-11,154.025,49.633
2025-09-12,153.649,20.713
2025-09-15,156.602,23.353
2025-09-16,160.734,25.781
2025-09-17,164.658,29.077
2025-09-18,161.001,19.352
2025-09-19,161.328,18.018
2025-09-22,162.755,18.498
2025-09-23,161.596,18.112
2025-09-24,174.834,52.163
2025-09-25,173.873,20.524
2025-09-26,170.346,15.826
2025-09-29,178.263,21.380
2025-09-30,177.104,18.511
2025-10-01,181.117,14.831
2025-10-02,187.617,23.472
2025-10-03,186.319,13.864
2025-10-06,185.516,10.874
2025-10-07,179.68,16.788
2025-10-08,179.472,15.739
2025-10-09,172.099,21.019
2025-10-10,157.563,49.839
2025-10-13,165.292,25.469
2025-10-14,161.378,18.414
2025-10-15,164.4,15.198
2025-10-16,163.588,10.880
2025-10-17,165.53,17.604
2025-10-20,171.891,19.937
2025-10-21,165.153,15.520
2025-10-22,164.351,14.880
2025-10-23,170.336,12.676
2025-10-24,173.11,11.733
2025-10-27,177.817,12.466
2025-10-28,175.112,11.799
2025-10-29,178.332,11.959
2025-10-30,172.347,10.658
2025-10-31,168.879,13.061
2025-11-03,166.164,9.614
2025-11-04,162.805,9.605
2025-11-05,163.32,8.553
2025-11-06,166.085,12.326
2025-11-07,164.826,11.476
2025-11-10,164.38,9.264
2025-11-11,159.337,11.251
2025-11-12,156.473,13.794
2025-11-13,158.385,17.056
2025-11-14,152.4,33.682
2025-11-17,156.275,16.758
2025-11-18,158.266,12.326
2025-11-19,157.444,7.878
2025-11-20,151.885,13.344
2025-11-21,151.538,16.093
2025-11-24,159.267,21.598
2025-11-25,155.581,26.851
2025-11-26,156.166,21.258
2025-11-28,155.868,7.120
2025-12-01,162.765,15.182
2025-12-02,159.664,9.789
2025-12-03,156.641,6.905
2025-12-04,156.007,6.606
2025-12-05,156.879,6.220
2025-12-08,156.691,7.275
2025-12-09,154.541,6.399
2025-12-10,157.375,10.829
2025-12-11,155.472,8.097
2025-12-12,154.263,6.647
2025-12-15,148.724,11.131
2025-12-16,147.931,8.970
2025-12-17,145.751,8.196
2025-12-18,145.979,6.537
2025-12-19,148.427,8.922
2025-12-22,149.586,6.717
2025-12-23,149.854,5.324
2025-12-24,148.694,3.244
2025-12-26,150.855,5.982
2025-12-29,147.139,8.819
2025-12-30,146.019,6.770
2025-12-31,145.246,6.060
2026-01-02,154.323,15.635
2026-01-05,154.838,14.610
2026-01-06,149.527,12.880
2026-01-07,145.415,12.498
2026-01-08,153.064,20.791
2026-01-09,149.586,11.334
2026-01-12,164.796,35.057
2026-01-13,165.49,18.679
2026-01-14,168.354,17.316
2026-01-15,169.374,12.492
2026-01-16,163.895,18.429
2026-01-20,160.912,9.795
2026-01-21,167.135,11.607
2026-01-22,175.568,31.740
2026-01-23,171.654,12.945
2026-01-26,169.811,10.074
2026-01-27,171.148,8.850
2026-01-28,174.061,8.920
2026-01-29,172.664,11.953
2026-01-30,168.017,10.747
2026-02-02,166.858,6.492
2026-02-03,162.161,9.975
2026-02-04,157.692,11.744
2026-02-05,156.324,10.837
2026-02-06,161.031,10.872
2026-02-09,161.517,7.194
2026-02-10,164.995,10.890
2026-02-11,162.825,8.677
2026-02-12,157.286,11.354
2026-02-13,154.313,15.900
2026-02-17,154.016,6.742
2026-02-18,154.352,4.466
2026-02-19,152.866,6.523
2026-02-20,153.044,8.679
2026-02-23,151.39,6.690
2026-02-24,151.717,6.595
2026-02-25,150.894,5.760
2026-02-26,146.703,10.163
2026-02-27,142.798,9.691
2026-03-02,141.263,9.343
2026-03-03,134.356,18.309
2026-03-04,132.057,14.164
2026-03-05,129.164,18.444
2026-03-06,129.6,10.857
2026-03-09,131.433,9.981
2026-03-10,135.605,15.125
2026-03-11,135.05,6.624
2026-03-12,132.979,7.523
2026-03-13,133.98,6.380
2026-03-16,135.466,9.882
2026-03-17,135.327,9.915
2026-03-18,133.207,17.002
2026-03-19,123.763,33.136
2026-03-20,121.296,15.338
2026-03-23,124.913,15.442
2026-03-24,124.338,8.439
2026-03-25,128.688,12.726
2026-03-26,124.269,9.156
2026-03-27,121.574,8.031
2026-03-30,120.87,7.161
2026-03-31,124.318,9.400
2026-04-01,122.604,10.204
2026-04-02,120.939,8.750
2026-04-06,121.197,3.951
2026-04-07,118.631,10.780
2026-04-08,124.179,17.478
2026-04-09,126.518,9.923
2026-04-10,126.171,9.271
2026-04-13,126.845,5.500
2026-04-14,130.155,11.612
2026-04-15,132.067,8.670
2026-04-16,137.329,16.966
2026-04-17,139.727,12.769
2026-04-20,138.894,7.752
2026-04-21,134.148,11.285
2026-04-22,135.178,9.174
2026-04-23,130.501,10.652
2026-04-24,134.584,8.964
2026-04-27,131.314,6.403
2026-04-28,129.659,6.033
2026-04-29,129.243,6.328
2026-04-30,130.68,7.349
2026-05-01,130.303,6.143
2026-05-04,132.057,8.242
2026-05-05,131.056,6.856
2026-05-06,140.153,16.805
2026-05-07,139.717,10.601
2026-05-08,138.785,9.970
2026-05-11,136.051,9.769
2026-05-12,133.553,15.982
2026-05-13,144.483,39.849
2026-05-14,139.836,19.245
2026-05-15,131.383,17.821
2026-05-18,132.047,10.285
2026-05-19,134.406,10.983
2026-05-20,133.246,6.971
2026-05-21,130.274,12.507
2026-05-22,128.817,11.760
2026-05-26,128.292,5.548
2026-05-27,126.597,8.198
2026-05-28,125.012,11.436
2026-05-29,123.09,12.391
2026-06-01,124.259,9.213
2026-06-02,129.63,15.215
2026-06-03,126.052,8.568
2026-06-04,124.804,6.865
2026-06-05,121.06,12.891
2026-06-08,120.07,9.493
2026-06-09,119.7,11.871
2026-06-10,115.38,10.881
2026-06-11,112.69,16.086
