date,open,high,low,close,volume,quote_volume,trades
2024-10-01,63327.60000000,64130.63000000,60164.00000000,60805.78000000,43671.48108000,2723672081.83262550,5607069
2024-10-02,60804.92000000,62390.31000000,60000.00000000,60649.28000000,31534.70118000,1928377637.83678390,5313210
2024-10-03,60649.27000000,61477.19000000,59828.11000000,60752.71000000,26221.43472000,1590773866.80744340,5244004
2024-10-04,60752.72000000,62484.85000000,60459.90000000,62086.00000000,21294.65994000,1311145630.50204980,3798631
2024-10-05,62086.00000000,62370.56000000,61689.26000000,62058.00000000,7807.46141000,484588468.34191230,1183175
2024-10-06,62058.01000000,62975.00000000,61798.97000000,62819.91000000,8906.86177000,555669634.47735140,1556553
2024-10-07,62819.91000000,64478.19000000,62128.00000000,62224.00000000,25966.18520000,1646315506.57919460,4809342
2024-10-08,62224.01000000,63200.00000000,61860.31000000,62160.49000000,19702.22371000,1230076253.81865700,3798438
2024-10-09,62160.50000000,62543.75000000,60301.00000000,60636.02000000,20011.15684000,1234778807.59324170,3668363
2024-10-10,60636.01000000,61321.68000000,58946.00000000,60326.39000000,23967.92481000,1445604381.93637920,3872577
2024-10-11,60326.40000000,63417.56000000,60087.64000000,62540.00000000,23641.35209000,1462219576.84986490,3222180
2024-10-12,62539.99000000,63480.00000000,62487.23000000,63206.22000000,10911.30116000,686978508.98875430,1770837
2024-10-13,63206.23000000,63285.72000000,62050.00000000,62870.02000000,11909.21995000,746564374.20823870,2242529
2024-10-14,62870.02000000,66500.00000000,62457.81000000,66083.99000000,37669.95222000,2450094472.81354500,4977577
2024-10-15,66084.00000000,67950.00000000,64800.01000000,67074.14000000,43683.95423000,2894021862.31951800,6245619
2024-10-16,67074.14000000,68424.00000000,66750.49000000,67620.01000000,29938.25544000,2024560410.10626740,5109685
2024-10-17,67620.00000000,67939.40000000,66666.00000000,67421.78000000,25328.22861000,1702164439.56545950,3981960
2024-10-18,67421.78000000,69000.00000000,67192.36000000,68428.00000000,28725.63500000,1959735899.87696440,4010969
2024-10-19,68427.99000000,68693.26000000,68010.00000000,68378.00000000,8193.66737000,559628628.96131050,1152428
2024-10-20,68377.99000000,69400.00000000,68100.00000000,69031.99000000,12442.47378000,854082429.81058610,1563795
2024-10-21,69032.00000000,69519.52000000,66840.67000000,67377.50000000,31374.42184000,2130833593.54669770,3686777
2024-10-22,67377.50000000,67836.01000000,66571.42000000,67426.00000000,24598.96268000,1654285791.66055570,3669291
2024-10-23,67426.01000000,67472.83000000,65260.00000000,66668.65000000,25530.24070000,1695101430.91874660,3807365
2024-10-24,66668.65000000,68850.00000000,66510.00000000,68198.28000000,22589.83877000,1526736320.91293800,3797462
2024-10-25,68198.27000000,68771.49000000,65596.29000000,66698.33000000,34479.71125000,2320667435.29325390,5332593
2024-10-26,66698.32000000,67454.55000000,66439.90000000,67092.76000000,11842.90770000,792887047.14789200,2373501
2024-10-27,67092.76000000,68332.05000000,66913.73000000,68021.70000000,8653.19592000,585006148.47048090,1771989
2024-10-28,68021.69000000,70270.00000000,67618.00000000,69962.21000000,29046.75459000,2005105729.81744490,4432446
2024-10-29,69962.21000000,73620.12000000,69760.00000000,72736.42000000,50128.60594000,3602465986.89175740,5645430
2024-10-30,72736.41000000,72961.00000000,71436.00000000,72344.74000000,26885.99056000,1941210537.28828680,4040734
2024-10-31,72344.75000000,72700.00000000,69685.76000000,70292.01000000,29352.10297000,2091144977.49468470,4525542
2024-11-01,70292.01000000,71632.95000000,68820.14000000,69496.01000000,38301.86755000,2677358022.00497000,4569271
2024-11-02,69496.00000000,69914.37000000,69000.14000000,69374.74000000,10521.67243000,731232427.63115480,1603561
2024-11-03,69374.74000000,69391.00000000,67478.73000000,68775.99000000,24995.70243000,1709666206.40620230,3668029
2024-11-04,68775.99000000,69500.00000000,66835.00000000,67850.01000000,29800.39187000,2033902307.00277610,5377048
2024-11-05,67850.01000000,70577.91000000,67476.63000000,69372.01000000,33355.06888000,2310418908.06992200,4955644
2024-11-06,69372.01000000,76400.00000000,69298.00000000,75571.99000000,104126.99478700,7702283270.25800886,8434184
2024-11-07,75571.99000000,76849.99000000,74416.00000000,75857.89000000,44869.42234500,3391796661.97195520,5207722
2024-11-08,75857.89000000,77199.99000000,75555.00000000,76509.78000000,36521.09958300,2784449097.53151828,4877489
2024-11-09,76509.78000000,76900.00000000,75714.66000000,76677.46000000,16942.07915000,1294709001.60288990,2585264
2024-11-10,76677.46000000,81500.00000000,76492.00000000,80370.01000000,61830.10043500,4905441473.90073684,7128598
2024-11-11,80370.01000000,89530.54000000,80216.01000000,88647.99000000,82323.66577600,6944268709.94272134,9348890
2024-11-12,88648.00000000,89940.00000000,85072.00000000,87952.01000000,97299.88791100,8540084566.27981860,11499058
2024-11-13,87952.00000000,93265.64000000,86127.99000000,90375.20000000,86763.85412700,7790928962.04303818,11962100
2024-11-14,90375.21000000,91790.00000000,86668.21000000,87325.59000000,56729.51086000,5073860815.92866480,9828858
2024-11-15,87325.59000000,91850.00000000,87073.38000000,91032.07000000,47927.95068000,4276238971.18142940,8009111
2024-11-16,91032.08000000,91779.66000000,90056.17000000,90586.92000000,22717.87689000,2067958511.90484730,4239455
2024-11-17,90587.98000000,91449.99000000,88722.00000000,89855.99000000,23867.55609000,2153871724.81039480,4930719
2024-11-18,89855.98000000,92594.00000000,89376.90000000,90464.08000000,46545.03448000,4239909950.66189400,7161125
2024-11-19,90464.07000000,93905.51000000,90357.00000000,92310.79000000,43660.04682000,4025108502.84961394,5647789
2024-11-20,92310.80000000,94831.97000000,91500.00000000,94286.56000000,42203.19871200,3950932314.64606898,7365987
2024-11-21,94286.56000000,98988.00000000,94040.00000000,98317.12000000,69228.36047700,6722807908.32565552,9048605
2024-11-22,98317.12000000,99588.01000000,97122.11000000,98892.00000000,46189.30924300,4555536773.36320499,7271311
2024-11-23,98892.00000000,98908.85000000,97136.00000000,97672.40000000,24757.84367000,2431609866.32951430,3839138
2024-11-24,97672.40000000,98564.00000000,95734.77000000,97900.04000000,31200.97838000,3034172011.95178840,4964720
2024-11-25,97900.05000000,98871.80000000,92600.19000000,93010.01000000,50847.45096000,4883444806.32219350,8289691
2024-11-26,93010.01000000,94973.37000000,90791.10000000,91965.16000000,57858.73138000,5370918648.81816690,10225809
2024-11-27,91965.16000000,97208.21000000,91792.14000000,95863.11000000,41153.42734000,3894358511.61756510,6648690
2024-11-28,95863.11000000,96564.00000000,94640.00000000,95643.98000000,28814.54357000,2749861591.25960980,4988161
2024-11-29,95643.99000000,98619.99000000,95364.99000000,97460.00000000,27701.78231000,2690451030.63428740,5094070
2024-11-30,97460.00000000,97463.95000000,96092.01000000,96407.99000000,14503.83306000,1402672950.69982080,3354759
2024-12-01,96407.99000000,97836.00000000,95693.88000000,97185.18000000,16938.60452000,1641327626.60622060,3342200
2024-12-02,97185.17000000,98130.00000000,94395.00000000,95840.62000000,37958.66981000,3646639621.73758780,7560103
2024-12-03,95840.61000000,96305.52000000,93578.17000000,95849.69000000,35827.32283000,3413995542.01865610,5361712
2024-12-04,95849.69000000,99000.00000000,94587.83000000,98587.32000000,43850.53728000,4241994533.78610610,6648724
2024-12-05,98587.32000000,104088.00000000,90500.00000000,96945.63000000,109921.72966200,11048002942.14993118,12012364
2024-12-06,96945.63000000,101898.99000000,95981.72000000,99740.84000000,45049.53310000,4456641685.36444370,6919102
2024-12-07,99740.84000000,100439.18000000,98844.00000000,99831.99000000,14931.94590000,1487953846.83854580,2634566
2024-12-08,99831.99000000,101351.00000000,98657.70000000,101109.59000000,14612.99688000,1459576946.40215100,2994709
2024-12-09,101109.60000000,101215.93000000,94150.05000000,97276.47000000,53949.11595000,5283626995.70564880,8445872
2024-12-10,97276.48000000,98270.00000000,94256.54000000,96593.00000000,51708.68933000,4988660195.09242860,11556189
2024-12-11,96593.00000000,101888.00000000,95658.24000000,101125.00000000,37753.78291000,3745703763.01844990,8250511
2024-12-12,101125.00000000,102540.00000000,99311.64000000,100004.29000000,29232.08745000,2949462583.86617050,8066322
2024-12-13,100004.29000000,101895.26000000,99205.00000000,101424.25000000,21904.03923000,2203903393.07410050,5481660
2024-12-14,101424.24000000,102650.00000000,100609.41000000,101420.00000000,14191.70326000,1441594367.04631920,3374538
2024-12-15,101420.00000000,105250.00000000,101237.14000000,104463.99000000,22228.92177500,2290462903.83579120,3638809
2024-12-16,104463.99000000,107793.07000000,103333.00000000,106058.66000000,41302.40274000,4364964400.63455291,8048054
2024-12-17,106058.65000000,108353.00000000,105321.49000000,106133.74000000,29064.93646600,3103833327.77510671,7212799
2024-12-18,106133.74000000,106524.98000000,100000.00000000,100204.01000000,50307.99755000,5194263316.25923660,8762120
2024-12-19,100204.01000000,102800.11000000,95700.00000000,97461.86000000,55147.39800000,5487546517.70775260,7273941
2024-12-20,97461.86000000,98233.00000000,92232.54000000,97805.44000000,62884.13570000,6022845238.83232620,7429007
2024-12-21,97805.44000000,99540.61000000,96398.39000000,97291.99000000,23483.54143000,2296232055.19592620,3717638
2024-12-22,97292.00000000,97448.08000000,94250.35000000,95186.27000000,19353.83036000,1857819866.36039980,3633551
2024-12-23,95186.28000000,96538.92000000,92520.00000000,94881.47000000,32810.76703000,3100007213.49456320,5464919
2024-12-24,94881.47000000,99487.99000000,93569.02000000,98663.58000000,23674.22488000,2287214424.70647590,3421549
2024-12-25,98663.58000000,99569.15000000,97632.02000000,99429.60000000,14474.16510000,1426143976.04936360,3283028
2024-12-26,99429.61000000,99963.70000000,95199.14000000,95791.60000000,21192.36727000,2049123567.38677240,5203490
2024-12-27,95791.60000000,97544.58000000,93500.01000000,94299.03000000,26501.26429000,2528567849.77946140,5718866
2024-12-28,94299.03000000,95733.99000000,94135.66000000,95300.00000000,8385.89290000,794651624.83495550,2732061
2024-12-29,95300.00000000,95340.00000000,93009.52000000,93738.20000000,13576.00578000,1278370863.97684710,2865838
2024-12-30,93738.19000000,95024.50000000,91530.45000000,92792.05000000,27619.42250000,2573126059.76947800,5560563
2024-12-31,92792.05000000,96250.00000000,92033.73000000,93576.00000000,19612.03389000,1845718801.92270400,3347847
2025-01-01,93576.00000000,95151.15000000,92888.00000000,94591.79000000,10373.32613000,975444194.13799830,1516556
2025-01-02,94591.78000000,97839.50000000,94392.00000000,96984.79000000,21970.48948000,2118411852.68127950,3569079
2025-01-03,96984.79000000,98976.91000000,96100.01000000,98174.18000000,15253.82936000,1486610768.59079170,2851164
2025-01-04,98174.17000000,98778.43000000,97514.79000000,98220.50000000,8990.05651000,881223751.63536030,1559982
2025-01-05,98220.51000000,98836.85000000,97276.79000000,98363.61000000,8095.63723000,793931715.95463240,1685799
2025-01-06,98363.61000000,102480.00000000,97920.00000000,102235.60000000,25263.43375000,2540561688.77714340,3853702
2025-01-07,102235.60000000,102724.38000000,96181.81000000,96954.61000000,32059.87537000,3170421659.71723590,4480562
2025-01-08,96954.60000000,97268.65000000,92500.90000000,95060.61000000,33704.67894000,3205849081.11296200,5171208
2025-01-09,95060.61000000,95382.32000000,91203.67000000,92552.49000000,34544.83685000,3217669887.24539790,6027161
2025-01-10,92552.49000000,95836.00000000,92206.02000000,94726.11000000,31482.86424000,2962085343.28370360,5531444
2025-01-11,94726.10000000,95050.94000000,93831.73000000,94599.99000000,7047.90430000,665685994.93301000,1496191
2025-01-12,94599.99000000,95450.10000000,93711.19000000,94545.06000000,8606.86622000,813278829.65839490,1658863
2025-01-13,94545.07000000,95940.00000000,89256.69000000,94536.10000000,42619.56423000,3930666134.34745740,5740963
2025-01-14,94536.11000000,97371.00000000,94346.22000000,96560.86000000,27846.61753000,2676048470.35695040,4532923
2025-01-15,96560.85000000,100681.94000000,96500.00000000,100497.35000000,30509.99179000,3006242382.88679460,3487945
2025-01-16,100497.35000000,100866.66000000,97335.13000000,99987.30000000,27832.85317000,2765162040.63979910,3762755
2025-01-17,99987.30000000,105865.22000000,99950.77000000,104077.48000000,39171.85292000,4040993985.47504680,3886907
2025-01-18,104077.47000000,104988.88000000,102277.55000000,104556.23000000,24307.82998000,2521522119.37952530,3403162
2025-01-19,104556.23000000,106422.43000000,99651.60000000,101331.57000000,43397.28298000,4513423971.41025210,5271920
2025-01-20,101331.57000000,109588.00000000,99550.00000000,102260.01000000,89529.23173200,9398787064.32071500,11597937
2025-01-21,102260.00000000,107240.81000000,100119.04000000,106143.82000000,45941.02002000,4768512258.15650130,6842980
2025-01-22,106143.82000000,106394.46000000,103339.12000000,103706.66000000,22248.69254000,2331144640.65857870,4364035
2025-01-23,103706.66000000,106850.00000000,101262.28000000,103910.34000000,53953.12031000,5610760848.13163840,6961383
2025-01-24,103910.35000000,107120.00000000,102750.00000000,104870.50000000,23609.24017000,2483818574.37374800,4798886
2025-01-25,104870.51000000,105286.52000000,104106.09000000,104746.85000000,9068.32377000,949511531.35780170,1770765
2025-01-26,104746.86000000,105500.00000000,102520.44000000,102620.00000000,9812.51238000,1024352365.47155230,1813011
2025-01-27,102620.01000000,103260.00000000,97777.77000000,102082.83000000,50758.13410000,5092886322.82924400,9368910
2025-01-28,102082.83000000,103800.00000000,100272.68000000,101335.52000000,22022.05765000,2253977324.03620920,5428644
2025-01-29,101335.52000000,104782.68000000,101328.01000000,103733.24000000,23155.35802000,2380383694.77213620,5189699
2025-01-30,103733.25000000,106457.44000000,103278.54000000,104722.94000000,19374.07472000,2038112603.51264120,3990075
2025-01-31,104722.94000000,106012.00000000,101560.00000000,102429.56000000,21983.18193000,2282174002.19521760,4331904
2025-02-01,102429.56000000,102783.71000000,100279.51000000,100635.65000000,12290.95747000,1250354228.23722970,2588786
2025-02-02,100635.66000000,101456.60000000,96150.00000000,97700.59000000,34619.49939000,3412084312.58362790,7202339
2025-02-03,97700.59000000,102500.01000000,91231.00000000,101328.52000000,75164.73850000,7228589180.71162140,10625262
2025-02-04,101328.51000000,101732.31000000,96150.00000000,97763.13000000,40267.98697000,3989698644.26493070,6618911
2025-02-05,97763.14000000,99149.00000000,96155.00000000,96612.43000000,26233.30444000,2562342153.82968530,4471763
2025-02-06,96612.44000000,99120.00000000,95676.64000000,96554.35000000,23515.20405000,2289071921.21756010,4242807
2025-02-07,96554.35000000,100137.99000000,95620.34000000,96506.80000000,31794.22065000,3107592434.67383420,5012456
2025-02-08,96506.80000000,96880.00000000,95688.00000000,96444.74000000,10147.24294000,977040267.51586310,1757892
2025-02-09,96444.75000000,97323.09000000,94713.00000000,96462.75000000,14120.91613000,1359495152.31079740,2293192
2025-02-10,96462.75000000,98345.00000000,95256.00000000,97430.82000000,20572.87537000,1999112052.66878620,3475919
2025-02-11,97430.82000000,98478.42000000,94876.88000000,95778.20000000,18647.76379000,1806534846.38631950,3716586
2025-02-12,95778.21000000,98119.99000000,94088.23000000,97869.99000000,29151.16625000,2800142168.39436540,4992737
2025-02-13,97870.00000000,98083.91000000,95217.36000000,96608.14000000,19921.77616000,1916988246.39211860,3909456
2025-02-14,96608.13000000,98826.00000000,96252.82000000,97500.48000000,18173.02646000,1768073218.86901540,3499564
2025-02-15,97500.47000000,97972.26000000,97223.58000000,97569.66000000,7349.37683000,717245393.77809200,1694327
2025-02-16,97569.67000000,97704.47000000,96046.18000000,96118.12000000,8191.42490000,794694242.29497320,1596701
2025-02-17,96118.12000000,97046.59000000,95205.00000000,95780.00000000,16492.04510000,1584593526.17546780,2831237
2025-02-18,95780.01000000,96753.91000000,93388.09000000,95671.74000000,23368.19471000,2223994802.89200520,4234248
2025-02-19,95671.74000000,96899.99000000,95029.99000000,96644.37000000,16438.50954000,1576817572.10325050,2784225
2025-02-20,96644.37000000,98711.36000000,96415.09000000,98305.00000000,17057.39177000,1663386824.73155060,2386973
2025-02-21,98305.01000000,99475.00000000,94871.95000000,96181.98000000,32249.28140000,3143975917.57346420,4528525
2025-02-22,96181.99000000,96980.00000000,95770.49000000,96551.01000000,11268.17708000,1087077133.82263640,1506418
2025-02-23,96551.01000000,96650.00000000,95227.94000000,96258.00000000,10884.84913000,1044392011.79102410,1457368
2025-02-24,96258.00000000,96500.00000000,91349.26000000,91552.88000000,31550.10299000,2981809595.44537670,4972684
2025-02-25,91552.88000000,92540.69000000,86050.99000000,88680.40000000,78333.11111000,6962982500.90447390,10289145
2025-02-26,88680.39000000,89414.15000000,82256.01000000,84250.09000000,56893.54409000,4898429925.63647610,8490006
2025-02-27,84250.09000000,87078.46000000,82716.49000000,84708.58000000,42505.45439000,3618738891.22216230,6357581
2025-02-28,84708.57000000,85120.00000000,78258.52000000,84349.94000000,83648.03969000,6806705236.69067870,11344216
2025-03-01,84349.95000000,86558.00000000,83824.78000000,86064.53000000,25785.05464000,2194003507.85264280,3700728
2025-03-02,86064.54000000,95000.00000000,85050.60000000,94270.00000000,54889.09045000,4972549515.78866870,7403218
2025-03-03,94269.99000000,94416.46000000,85117.11000000,86220.61000000,59171.10218000,5321123743.47192310,9797860
2025-03-04,86221.16000000,88967.52000000,81500.00000000,87281.98000000,55609.10706000,4704901219.59043560,10326631
2025-03-05,87281.98000000,91000.00000000,86334.53000000,90606.01000000,38264.01163000,3400243670.30497560,8070266
2025-03-06,90606.00000000,92810.64000000,87836.00000000,89931.89000000,34342.44902000,3105145628.39939920,7643526
2025-03-07,89931.88000000,91283.02000000,84667.03000000,86801.75000000,57980.35713000,5097554826.61315770,9510442
2025-03-08,86801.74000000,86897.25000000,85218.47000000,86222.45000000,12989.23054000,1119358968.65200550,2553974
2025-03-09,86222.46000000,86500.00000000,80000.00000000,80734.37000000,26115.39345000,2173552660.45447930,5189138
2025-03-10,80734.48000000,84123.46000000,77459.91000000,78595.86000000,47633.38405000,3834924947.75818610,8701538
2025-03-11,78595.86000000,83617.40000000,76606.00000000,82932.99000000,48770.06853000,3927000827.11079190,6983310
2025-03-12,82932.99000000,84539.85000000,80607.65000000,83680.12000000,31933.98600000,2638600996.82539610,5253577
2025-03-13,83680.12000000,84336.33000000,79939.90000000,81115.78000000,27546.27412000,2260870111.23938940,4367093
2025-03-14,81115.78000000,85309.71000000,80818.84000000,83983.20000000,26858.52755000,2244729595.54117160,3290987
2025-03-15,83983.19000000,84676.28000000,83618.00000000,84338.44000000,11324.73320000,953445671.83375050,1329670
2025-03-16,84338.44000000,85117.04000000,81981.12000000,82574.53000000,17596.12531000,1468056556.29672260,2767947
2025-03-17,82574.52000000,84756.83000000,82456.00000000,84010.03000000,17214.74358000,1437716814.04687390,3014756
2025-03-18,84010.02000000,84021.74000000,81134.66000000,82715.03000000,17610.89883000,1450813055.47972610,3126371
2025-03-19,82715.03000000,87000.00000000,82547.16000000,86845.94000000,28151.05374000,2375813941.94376220,3774761
2025-03-20,86845.93000000,87453.67000000,83655.23000000,84223.39000000,22090.30463000,1885241921.15565180,3252595
2025-03-21,84223.38000000,84850.33000000,83175.25000000,84088.79000000,11956.97443000,1005135519.25600170,2360005
2025-03-22,84088.79000000,84539.17000000,83625.10000000,83840.59000000,5420.22114000,456235443.80165220,864481
2025-03-23,83840.59000000,86129.64000000,83809.75000000,86082.50000000,8461.97813000,718692319.14990380,1206533
2025-03-24,86082.50000000,88765.43000000,85519.09000000,87498.16000000,30115.62111000,2636765917.95184350,2916713
2025-03-25,87498.16000000,88539.63000000,86310.00000000,87392.87000000,22643.25248000,1979571590.89829370,2802815
2025-03-26,87392.88000000,88275.00000000,85860.00000000,86909.17000000,18408.78485000,1606406955.58646330,2380154
2025-03-27,86909.17000000,87756.39000000,85800.00000000,87232.01000000,17098.03897000,1487968807.70790220,2376381
2025-03-28,87232.01000000,87515.67000000,83585.00000000,84424.38000000,27182.73169000,2309946560.66411380,3236085
2025-03-29,84424.38000000,84624.73000000,81644.81000000,82648.54000000,11696.39864000,970199917.98687160,2172387
2025-03-30,82648.53000000,83534.64000000,81565.00000000,82389.99000000,9864.49508000,816584795.52881260,1907663
2025-03-31,82390.00000000,83943.08000000,81278.52000000,82550.01000000,20569.13885000,1696009191.08096490,3964358
2025-04-01,82550.00000000,85579.46000000,82432.74000000,85158.34000000,20190.39697000,1698895702.57546820,3328693
2025-04-02,85158.35000000,88500.00000000,82320.00000000,82516.29000000,39931.45700000,3417279759.83076360,5338238
2025-04-03,82516.28000000,83998.02000000,81211.24000000,83213.09000000,27337.84135000,2259299724.86439270,4117486
2025-04-04,83213.09000000,84720.00000000,81659.00000000,83889.87000000,32915.53976000,2739842666.42673680,4992586
2025-04-05,83889.87000000,84266.00000000,82379.95000000,83537.99000000,9360.40468000,779626577.90134360,1575750
2025-04-06,83537.99000000,83817.63000000,77153.83000000,78430.00000000,27942.71436000,2239085051.15296450,3948493
2025-04-07,78430.00000000,81243.58000000,74508.00000000,79163.24000000,78387.53089000,6084614024.15064720,9736596
2025-04-08,79163.24000000,80867.99000000,76239.90000000,76322.42000000,35317.32063000,2775277777.10246080,5512751
2025-04-09,76322.42000000,83588.00000000,74620.00000000,82615.22000000,75488.28772000,5980231256.22249600,7741252
2025-04-10,82615.22000000,82753.21000000,78464.36000000,79607.30000000,33284.80718000,2690294353.84784260,4529545
2025-04-11,79607.30000000,84300.00000000,78969.58000000,83423.84000000,34435.43797000,2830363945.17875230,4423157
2025-04-12,83423.83000000,85905.00000000,82792.95000000,85276.90000000,18470.74437000,1557403252.92675150,2501196
2025-04-13,85276.91000000,86100.00000000,83034.23000000,83760.00000000,24680.04181000,2086106375.43925540,3275879
2025-04-14,83760.00000000,85799.99000000,83678.00000000,84591.58000000,28659.09348000,2429132805.08152890,3921522
2025-04-15,84591.58000000,86496.42000000,83600.00000000,83643.99000000,20910.99528000,1780972414.39560070,2910533
2025-04-16,83643.99000000,85500.00000000,83111.64000000,84030.38000000,20867.24519000,1753910031.20092420,3264730
2025-04-17,84030.38000000,85470.01000000,83736.26000000,84947.91000000,13728.84772000,1161659427.38626280,2003405
2025-04-18,84947.92000000,85132.08000000,84303.96000000,84474.69000000,6529.96315000,552648483.64748710,840009
2025-04-19,84474.70000000,85677.99000000,84364.45000000,85077.01000000,9666.58153000,823222752.28424930,875226
2025-04-20,85077.00000000,85320.76000000,83949.52000000,85179.24000000,8091.67725000,685253644.89183620,944130
2025-04-21,85179.24000000,88465.99000000,85144.76000000,87516.23000000,31773.37262000,2773299591.46706560,3041395
2025-04-22,87516.22000000,93888.00000000,87076.03000000,93442.99000000,43872.74705000,3967785064.12817020,3268475
2025-04-23,93442.99000000,94696.05000000,91935.41000000,93691.08000000,27404.16808000,2560279933.94795160,3016536
2025-04-24,93691.07000000,94005.00000000,91660.01000000,93980.47000000,19497.06071000,1811120137.31467870,2797383
2025-04-25,93980.47000000,95758.04000000,92855.96000000,94638.68000000,27500.66648000,2596877713.64017280,3331828
2025-04-26,94638.68000000,95199.00000000,93870.69000000,94628.00000000,9415.06875000,889627361.84144470,1475983
2025-04-27,94628.00000000,95369.00000000,93602.58000000,93749.30000000,11162.84100000,1052334792.18661890,1918160
2025-04-28,93749.29000000,95630.00000000,92800.01000000,95011.18000000,22157.53351000,2092532996.55517170,3424740
2025-04-29,95011.18000000,95461.53000000,93742.54000000,94256.82000000,16955.34020000,1607154803.46754770,3020875
2025-04-30,94256.82000000,95228.45000000,92910.00000000,94172.00000000,17661.27510000,1664825670.98312510,3214149
2025-05-01,94172.00000000,97424.02000000,94130.43000000,96489.91000000,21380.45343000,2053857614.27326720,2925716
2025-05-02,96489.90000000,97895.68000000,96350.00000000,96887.14000000,14905.74811000,1446387651.58405750,2698263
2025-05-03,96887.13000000,96935.67000000,95753.01000000,95856.42000000,9723.34838000,935906144.96514980,1181239
2025-05-04,95856.42000000,96304.48000000,94151.38000000,94277.62000000,11036.38342000,1053542403.85315880,1674726
2025-05-05,94277.61000000,95199.00000000,93514.10000000,94733.68000000,17251.18189000,1626999380.17599680,2623300
2025-05-06,94733.68000000,96920.65000000,93377.00000000,96834.02000000,16122.64513000,1526847764.56366820,2512960
2025-05-07,96834.02000000,97732.00000000,95784.61000000,97030.50000000,16644.83854000,1611730124.59245430,2849139
2025-05-08,97030.50000000,104145.76000000,96876.29000000,103261.60000000,34962.02847000,3508645830.56501440,4991147
2025-05-09,103261.61000000,104361.30000000,102315.14000000,102971.99000000,27617.39907000,2847518447.98151310,4406929
2025-05-10,102971.99000000,104984.57000000,102818.76000000,104809.53000000,15324.78611000,1588386278.50241500,2227845
2025-05-11,104809.53000000,104972.00000000,103345.06000000,104118.00000000,17987.12197000,1873381777.21242540,3100176
2025-05-12,104118.00000000,105819.45000000,100718.37000000,102791.32000000,31272.77792000,3242348937.38306910,5298407
2025-05-13,102791.32000000,104976.25000000,101429.70000000,104103.72000000,21253.42409000,2197244118.15236690,3703531
2025-05-14,104103.72000000,104356.95000000,102602.05000000,103507.82000000,16452.90810000,1704708279.38841090,3025221
2025-05-15,103507.83000000,104192.70000000,101383.07000000,103763.71000000,17998.98604000,1850183474.52920360,4139477
2025-05-16,103763.71000000,104550.33000000,103100.49000000,103463.90000000,15683.88024000,1628832372.32414810,3237442
2025-05-17,103463.90000000,103709.86000000,102612.50000000,103126.65000000,11250.89622000,1160418362.95061810,2568597
2025-05-18,103126.65000000,106660.00000000,103105.09000000,106454.26000000,21599.98726000,2262214972.07493840,3193300
2025-05-19,106454.27000000,107108.62000000,102000.00000000,105573.74000000,30260.03524000,3150324504.59545150,4881371
2025-05-20,105573.73000000,107320.00000000,104184.72000000,106849.99000000,23705.48275000,2509102444.66959820,3878351
2025-05-21,106850.00000000,110797.38000000,106100.01000000,109643.99000000,45531.04034500,4914709514.32002680,6835279
2025-05-22,109643.99000000,111980.00000000,109177.37000000,111696.21000000,31630.77313000,3509432834.57341730,5794216
2025-05-23,111696.22000000,111800.00000000,106800.00000000,107318.30000000,31737.72309000,3469704446.39040470,5251192
2025-05-24,107318.30000000,109506.03000000,106875.41000000,107761.91000000,16782.53129000,1819958819.77485860,2805418
2025-05-25,107761.90000000,109299.99000000,106600.64000000,109004.19000000,17710.04695000,1904366455.42585800,3151168
2025-05-26,109004.20000000,110422.22000000,108670.58000000,109434.79000000,14649.11593000,1605578282.10790310,2887863
2025-05-27,109434.78000000,110718.00000000,107516.57000000,108938.17000000,21276.65635000,2327603851.11926510,3735509
2025-05-28,108938.17000000,109284.70000000,106769.43000000,107781.78000000,15633.78829000,1689136748.51303130,2933262
2025-05-29,107781.78000000,108891.91000000,105322.86000000,105589.75000000,19834.70116000,2128639017.50816180,3774926
2025-05-30,105589.75000000,106313.12000000,103621.00000000,103985.48000000,23706.49799000,2493078549.59186090,4307572
2025-05-31,103985.47000000,104900.00000000,103068.55000000,104591.88000000,11289.35922000,1174000801.50703790,2343787
2025-06-01,104591.88000000,105866.91000000,103752.49000000,105642.93000000,9709.70006000,1016188486.95059960,1939359
2025-06-02,105642.93000000,105935.63000000,103659.88000000,105857.99000000,13453.98813000,1409004206.98637330,2997656
2025-06-03,105858.00000000,106794.67000000,104872.50000000,105376.89000000,13259.52634000,1402493746.59932180,2470698
2025-06-04,105376.90000000,106000.00000000,104179.00000000,104696.86000000,14034.89482000,1476928482.36887810,2274464
2025-06-05,104696.86000000,105909.71000000,100372.26000000,101508.68000000,22321.50154000,2301567892.53054470,3963295
2025-06-06,101508.69000000,105333.00000000,101095.80000000,104288.44000000,15839.07385000,1642382404.93557530,2709327
2025-06-07,104288.43000000,105900.00000000,103871.09000000,105552.15000000,8344.93206000,877915380.95482310,1402494
2025-06-08,105552.15000000,106488.14000000,104964.14000000,105734.00000000,8048.06305000,850887129.42829760,1295154
2025-06-09,105734.01000000,110530.17000000,105318.37000000,110263.02000000,19975.37451000,2154922022.22117280,2839846
2025-06-10,110263.02000000,110400.00000000,108331.03000000,110274.39000000,17071.82839000,1867620550.19217290,3003420
2025-06-11,110274.39000000,110392.01000000,108064.00000000,108645.12000000,13115.91638000,1434884639.75063030,2667014
2025-06-12,108645.13000000,108813.55000000,105671.72000000,105671.73000000,17778.67218000,1908309274.08683440,3517420
2025-06-13,105671.74000000,106179.53000000,102664.31000000,106066.59000000,26180.81734000,2735461890.69297020,5452577
2025-06-14,106066.59000000,106252.00000000,104300.00000000,105414.64000000,8798.93969000,925568614.17840650,1521776
2025-06-15,105414.63000000,106128.57000000,104494.53000000,105594.01000000,7164.20047000,754596887.87480040,1564768
2025-06-16,105594.02000000,108952.38000000,104980.37000000,106794.53000000,14922.66540000,1599849840.73252440,2928998
2025-06-17,106794.53000000,107771.34000000,103371.02000000,104551.17000000,17866.33025000,1883173484.89909980,3723010
2025-06-18,104551.17000000,105550.27000000,103500.00000000,104886.78000000,13968.64167000,1461383024.36220930,3468170
2025-06-19,104886.79000000,105226.17000000,103929.27000000,104658.59000000,7678.60737000,803402575.96204490,1718045
2025-06-20,104658.59000000,106524.65000000,102345.00000000,103297.99000000,16419.06283000,1714411911.01140170,3029404
2025-06-21,103297.98000000,103982.64000000,100837.90000000,102120.01000000,11154.21332000,1144829784.73064180,2172578
2025-06-22,102120.02000000,103399.62000000,98200.00000000,100963.87000000,28746.41072000,2892695407.80868790,5121309
2025-06-23,100963.87000000,106074.20000000,99613.33000000,105333.93000000,27666.50609000,2836166831.04444880,4944207
2025-06-24,105333.94000000,106290.00000000,104622.02000000,106083.00000000,14651.69335000,1543451113.45636120,2973481
2025-06-25,106083.00000000,108135.30000000,105808.03000000,107340.58000000,16701.15551000,1789545470.94629000,2988892
2025-06-26,107340.59000000,108272.45000000,106562.50000000,106947.06000000,10573.27279000,1136093974.68160140,2597742
2025-06-27,106947.06000000,107735.34000000,106356.76000000,107047.59000000,12232.44042000,1308420348.91000950,2304499
2025-06-28,107047.58000000,107577.75000000,106811.51000000,107296.79000000,3282.17352000,352025390.60311350,653305
2025-06-29,107296.79000000,108528.50000000,107172.52000000,108356.93000000,6831.73640000,736708189.94956840,1223202
2025-06-30,108356.93000000,108789.99000000,106733.33000000,107146.50000000,9754.12491000,1050407152.34505800,1773485
2025-07-01,107146.51000000,107540.00000000,105250.85000000,105681.14000000,10505.62437000,1117432945.89263660,2013289
2025-07-02,105681.13000000,109730.00000000,105100.19000000,108849.60000000,17691.89592000,1915699005.87728970,2444708
2025-07-03,108849.59000000,110529.18000000,108530.40000000,109584.78000000,13047.08225000,1429459048.63832610,2568944
2025-07-04,109584.77000000,109767.59000000,107245.00000000,107984.24000000,11793.86615000,1276215111.66836520,1975212
2025-07-05,107984.25000000,108420.56000000,107756.31000000,108198.12000000,3736.97570000,403928702.19674760,710020
2025-07-06,108198.12000000,109700.00000000,107800.01000000,109203.84000000,6447.60700000,700733299.51121990,1256591
2025-07-07,109203.85000000,109700.00000000,107513.20000000,108262.94000000,9405.37601000,1020848316.05370420,1961940
2025-07-08,108262.94000000,109216.56000000,107429.57000000,108922.98000000,9216.02080000,1000112813.43989430,1723244
2025-07-09,108922.99000000,111999.79000000,108324.53000000,111233.99000000,17282.28650000,1902054744.19492400,2328484
2025-07-10,111234.00000000,116868.00000000,110500.00000000,116010.00000000,24883.45066500,2826460280.44522334,3227017
2025-07-11,116010.01000000,118869.98000000,115222.22000000,117527.66000000,25873.52114800,3039521803.02724685,3708194
2025-07-12,117527.66000000,118200.00000000,116900.05000000,117420.00000000,8446.60437000,993093353.40689040,1441851
2025-07-13,117420.00000000,119488.00000000,117224.79000000,119086.64000000,9550.79294700,1132096857.01169159,1650283
2025-07-14,119086.65000000,123218.00000000,118905.18000000,119841.18000000,27269.34887700,3299746181.07707340,4076133
2025-07-15,119841.17000000,119940.83000000,115736.92000000,117758.09000000,32018.46083000,3755258445.55327170,3805374
2025-07-16,117758.08000000,120063.84000000,117017.29000000,118630.43000000,17039.90851000,2023850383.72348730,2429625
2025-07-17,118630.44000000,120998.71000000,117453.57000000,119177.56000000,15728.57651000,1869114355.12316430,2347985
2025-07-18,119177.56000000,120820.71000000,116812.76000000,117924.84000000,19924.66266000,2367355518.47030790,2805236
2025-07-19,117924.84000000,118499.90000000,117277.34000000,117840.00000000,6635.80306000,783327898.49696960,1133382
2025-07-20,117840.01000000,118856.80000000,116467.02000000,117265.12000000,12962.92889000,1528864683.81608200,1615935
2025-07-21,117265.11000000,119676.73000000,116515.00000000,117380.36000000,17107.33128000,2020783266.96336490,2509543
2025-07-22,117380.36000000,120247.80000000,116128.00000000,119954.42000000,20959.12973000,2481252763.65191060,2778733
2025-07-23,119954.43000000,120090.00000000,117301.00000000,118755.99000000,14558.75083000,1722126986.88666100,2101404
2025-07-24,118756.00000000,119450.00000000,117103.10000000,118340.99000000,15806.89043000,1873181653.20180740,2081435
2025-07-25,118340.98000000,118451.57000000,114723.16000000,117614.31000000,38406.34873000,4456778786.62049410,3282355
2025-07-26,117614.31000000,118297.35000000,117138.38000000,117919.99000000,6991.67206000,823629079.74931030,790372
2025-07-27,117919.99000000,119766.65000000,117825.50000000,119415.55000000,9328.30919000,1107883542.16079820,1095080
2025-07-28,119415.56000000,119800.00000000,117427.50000000,118062.32000000,13961.74754000,1655882235.89651800,1824777
2025-07-29,118062.32000000,119273.36000000,116950.75000000,117950.76000000,15137.93445000,1788682083.68564630,1956694
2025-07-30,117950.75000000,118792.00000000,115796.23000000,117840.30000000,15586.73631000,1832696878.22298590,1997369
2025-07-31,117840.29000000,118922.45000000,115500.00000000,115764.08000000,17010.00730000,2002870016.70224260,1859532
2025-08-01,115764.07000000,116052.00000000,112722.58000000,113297.93000000,24487.10206000,2810268577.15136990,4160829
2025-08-02,113297.92000000,114063.49000000,112003.00000000,112546.35000000,11507.33428000,1301882737.32672200,2165714
2025-08-03,112546.35000000,114799.97000000,111920.00000000,114208.80000000,7397.76046000,841090034.15425410,1419281
2025-08-04,114208.81000000,115720.00000000,114107.60000000,115055.03000000,9667.67916000,1109938874.06297080,1954230
2025-08-05,115055.03000000,115127.81000000,112650.00000000,114129.75000000,12042.79078000,1371861747.14661660,2581052
2025-08-06,114129.75000000,115716.00000000,113355.13000000,114992.27000000,9761.15318000,1118028732.85891840,2026500
2025-08-07,114992.27000000,117621.00000000,114259.00000000,117472.01000000,13468.56263000,1564454297.83692700,2314671
2025-08-08,117472.02000000,117630.00000000,115878.71000000,116674.74000000,10045.31278000,1172199778.72425470,2095304
2025-08-09,116674.74000000,117944.05000000,116299.13000000,116462.25000000,9514.13144000,1111837601.70237220,1390951
2025-08-10,116462.25000000,119311.11000000,116460.63000000,119294.01000000,14322.77073000,1694198747.87187080,2317065
2025-08-11,119294.27000000,122335.16000000,118050.11000000,118686.00000000,26494.33429000,3194611530.54106930,4021743
2025-08-12,118686.00000000,120324.43000000,118207.47000000,120134.08000000,16720.10893000,1992762473.58525770,2737841
2025-08-13,120134.09000000,123667.79000000,118920.92000000,123306.43000000,23210.07102000,2811581348.38745740,3712817
2025-08-14,123306.44000000,124474.00000000,117180.00000000,118295.09000000,27980.94758600,3359128391.10852380,4350449
2025-08-15,118295.09000000,119216.82000000,116803.99000000,117342.05000000,13623.33874000,1607609329.68510110,2895016
2025-08-16,117342.04000000,117898.99000000,117143.98000000,117380.66000000,6393.68117000,751719391.77236380,1179842
2025-08-17,117380.66000000,118575.00000000,117172.21000000,117405.01000000,5898.64192000,695629197.90380730,1177563
2025-08-18,117405.01000000,117543.75000000,114640.14000000,116227.05000000,17745.93954000,2053814085.47177750,3346280
2025-08-19,116227.05000000,116725.69000000,112732.58000000,112872.94000000,18065.47424000,2065010895.85846640,3291182
2025-08-20,112872.95000000,114615.38000000,112380.00000000,114271.24000000,15636.34194000,1776149566.12477360,2998370
2025-08-21,114271.23000000,114821.76000000,112015.67000000,112500.00000000,10839.69235000,1227373788.61556290,2357380
2025-08-22,112500.00000000,117429.05000000,111684.79000000,116935.99000000,23128.09037000,2656625122.27778650,3438518
2025-08-23,116936.00000000,117030.00000000,114560.00000000,115438.05000000,11329.36197000,1308825428.01435860,1559569
2025-08-24,115438.06000000,115666.68000000,110680.00000000,113493.59000000,21175.98462000,2411284606.18917640,2573906
2025-08-25,113493.59000000,113667.28000000,109274.10000000,110111.98000000,25182.79379000,2805570653.63102300,4695718
2025-08-26,110111.98000000,112371.00000000,108666.66000000,111763.22000000,18452.43877000,2033437347.49993920,4077474
2025-08-27,111763.22000000,112625.00000000,110345.42000000,111262.01000000,13392.60875000,1493774927.19083180,3111496
2025-08-28,111262.01000000,113485.90000000,110862.42000000,112566.90000000,11104.27744000,1250788481.94532180,2066780
2025-08-29,112566.90000000,112638.64000000,107463.90000000,108377.40000000,22580.31045000,2475492492.57752970,3606959
2025-08-30,108377.40000000,108926.15000000,107350.10000000,108816.33000000,10708.39159000,1160666772.73875230,1411040
2025-08-31,108816.33000000,109480.02000000,108076.93000000,108246.35000000,9489.51596000,1031806894.35133180,1366633
2025-09-01,108246.36000000,109912.40000000,107255.00000000,109237.42000000,16053.60219000,1742516638.78113520,2729384
2025-09-02,109237.43000000,111771.52000000,108393.39000000,111240.01000000,18510.28756000,2042681451.90163840,2596328
2025-09-03,111240.01000000,112575.27000000,110528.71000000,111705.71000000,11773.72084000,1313762617.34366450,2214249
2025-09-04,111705.72000000,112180.00000000,109329.12000000,110730.87000000,12203.13536000,1349031325.53208460,2230255
2025-09-05,110730.87000000,113384.62000000,110206.96000000,110659.99000000,21587.40888000,2413132200.62332500,2970419
2025-09-06,110660.00000000,111307.70000000,109977.00000000,110187.97000000,5000.29897000,552785936.54346990,795201
2025-09-07,110187.98000000,111600.00000000,110180.00000000,111137.34000000,5681.29944000,630447950.15886890,874961
2025-09-08,111137.35000000,112924.37000000,110621.78000000,112065.23000000,11582.40211000,1295903862.46496030,1744598
2025-09-09,112065.23000000,113293.29000000,110766.66000000,111546.39000000,15379.28248000,1721465997.90636600,2143242
2025-09-10,111546.38000000,114313.13000000,110917.45000000,113960.00000000,17517.41823000,1978834750.22231150,2182534
2025-09-11,113960.00000000,115488.09000000,113430.00000000,115482.69000000,13676.73119000,1562241144.95654100,2166359
2025-09-12,115482.69000000,116665.63000000,114740.99000000,116029.42000000,15324.10719000,1772122269.50186350,2481491
2025-09-13,116029.41000000,116298.78000000,115127.27000000,115918.29000000,8269.40394000,957724220.64976110,1223635
2025-09-14,115918.29000000,116165.19000000,115135.00000000,115268.01000000,6707.60197000,775762364.96859910,1237218
2025-09-15,115268.01000000,116757.99000000,114384.00000000,115349.71000000,13212.51149000,1522648235.22351530,2857989
2025-09-16,115349.71000000,116964.27000000,114737.11000000,116788.96000000,10926.90940000,1265779287.51692670,2047058
2025-09-17,116788.96000000,117286.73000000,114720.81000000,116447.59000000,16754.24540000,1946083704.62174570,3227418
2025-09-18,116447.60000000,117900.00000000,116092.76000000,117073.53000000,11657.23365000,1367513347.48650940,2252654
2025-09-19,117073.53000000,117459.99000000,115100.00000000,115632.38000000,8992.09065000,1045792401.45323890,1732471
2025-09-20,115632.39000000,116121.81000000,115408.47000000,115685.63000000,4674.92752000,541264273.24168940,740451
2025-09-21,115685.63000000,115819.06000000,115188.00000000,115232.29000000,4511.52219000,521299751.15040960,945965
2025-09-22,115232.29000000,115379.25000000,111800.00000000,112650.99000000,20781.71356000,2348872511.69887510,3045876
2025-09-23,112650.99000000,113290.50000000,111458.73000000,111998.80000000,12301.32030000,1383869800.27370310,2455729
2025-09-24,111998.80000000,113940.00000000,111042.66000000,113307.00000000,12369.25967000,1394470628.50258200,2229837
2025-09-25,113307.01000000,113510.23000000,108631.51000000,108994.49000000,21231.14957000,2356639689.92521460,4409953
2025-09-26,108994.49000000,110300.00000000,108620.07000000,109643.46000000,14243.01591000,1557098915.93925960,3257155
2025-09-27,109643.46000000,109743.91000000,109064.40000000,109635.85000000,5501.78643000,601947588.99707650,919594
2025-09-28,109635.85000000,112350.00000000,109189.99000000,112163.95000000,7542.33160000,832254944.32033530,1484866
2025-09-29,112163.96000000,114400.00000000,111560.65000000,114311.96000000,15541.12005000,1755247635.87113600,2442653
2025-09-30,114311.97000000,114792.00000000,112656.27000000,114048.93000000,15044.15633000,1710713267.13009550,3018331
2025-10-01,114048.94000000,118649.10000000,113966.67000000,118594.99000000,20036.39516000,2332096981.26593350,3430343
2025-10-02,118594.99000000,121022.07000000,118279.31000000,120529.35000000,19670.83503000,2349861127.34458050,3472073
2025-10-03,120529.35000000,123894.99000000,119248.30000000,122232.00000000,23936.32800000,2907381076.68131880,4246820
2025-10-04,122232.21000000,122800.00000000,121510.00000000,122391.00000000,8208.16678000,1002272903.34464720,1703590
2025-10-05,122390.99000000,125708.42000000,122136.00000000,123482.31000000,22043.09755300,2730817470.93956400,3690670
2025-10-06,123482.32000000,126199.63000000,123084.00000000,124658.54000000,19494.62879300,2428828952.26531830,4206167
2025-10-07,124658.54000000,125126.00000000,120574.94000000,121332.95000000,21633.99385000,2657405799.87054860,4390785
2025-10-08,121332.96000000,124197.25000000,121066.14000000,123306.00000000,17012.61800000,2084842842.44161690,4184997
2025-10-09,123306.01000000,123762.94000000,119651.47000000,121662.40000000,21559.36007000,2621438087.56673310,4231167
2025-10-10,121662.41000000,122550.00000000,102000.00000000,112774.50000000,64171.93927000,7349750905.04115730,11404522
2025-10-11,112774.49000000,113322.39000000,109561.59000000,110644.40000000,35448.51652000,3961069473.23113630,6661929
2025-10-12,110644.40000000,115770.00000000,109565.06000000,114958.80000000,32255.30272000,3638546528.74015580,6048575
2025-10-13,114958.81000000,115963.81000000,113616.50000000,115166.00000000,22557.24033000,2591831660.98574920,5739352
2025-10-14,115166.00000000,115409.96000000,109866.00000000,113028.14000000,31870.32974000,3578140778.80849870,7425642
2025-10-15,113028.13000000,113612.35000000,110164.00000000,110763.28000000,22986.48811000,2569639641.35276860,5243141
2025-10-16,110763.28000000,111982.45000000,107427.00000000,108194.28000000,29857.17252000,3277596494.76191940,6127094
2025-10-17,108194.27000000,109240.00000000,103528.23000000,106431.68000000,37920.66838000,4022645635.22120190,7570685
2025-10-18,106431.68000000,107499.00000000,106322.20000000,107185.01000000,11123.18766000,1189002999.14311300,2105450
2025-10-19,107185.00000000,109450.07000000,106103.36000000,108642.78000000,15480.66423000,1670074079.58023430,3205640
2025-10-20,108642.77000000,111705.56000000,107402.52000000,110532.09000000,19193.44160000,2119912185.59346830,4283542
2025-10-21,110532.09000000,114000.00000000,107473.72000000,108297.67000000,37228.01659000,4114477849.93205410,6004063
2025-10-22,108297.66000000,109163.88000000,106666.69000000,107567.44000000,28610.78451000,3090291706.44398170,5547903
2025-10-23,107567.45000000,111293.61000000,107500.00000000,110078.18000000,17573.09294000,1924582289.41139380,3721614
2025-10-24,110078.19000000,112104.98000000,109700.01000000,111004.89000000,15005.16913000,1662806764.95333240,3241022
2025-10-25,111004.90000000,111943.19000000,110672.86000000,111646.27000000,6407.96864000,714201332.97512240,1238199
2025-10-26,111646.27000000,115466.80000000,111260.45000000,114559.40000000,13454.47737000,1525108635.87482900,2463951
2025-10-27,114559.41000000,116400.00000000,113830.01000000,114107.65000000,21450.23241000,2470872744.54896810,3660488
2025-10-28,114107.65000000,116086.00000000,112211.00000000,112898.45000000,15523.42257000,1772753529.86427430,3829845
2025-10-29,112898.44000000,113643.73000000,109200.00000000,110021.29000000,21079.71376000,2356715986.53354560,4481480
2025-10-30,110021.30000000,111592.00000000,106304.34000000,108322.88000000,25988.82838000,2827221287.42279770,6373451
2025-10-31,108322.87000000,111190.00000000,108275.28000000,109608.01000000,21518.20439000,2361590437.94141060,5256872
2025-11-01,109608.01000000,110564.49000000,109394.81000000,110098.10000000,7378.50431000,812389216.43467980,1994214
2025-11-02,110098.10000000,111250.01000000,109471.34000000,110540.68000000,12107.00087000,1336870531.14150130,2652188
2025-11-03,110540.69000000,110750.00000000,105306.56000000,106583.04000000,28681.18779000,3076006652.00156760,7074546
2025-11-04,106583.05000000,107299.00000000,98944.36000000,101497.22000000,50534.87376000,5197697635.21241310,9099609
2025-11-05,101497.23000000,104534.74000000,98966.80000000,103885.16000000,33778.77571000,3454273922.70038500,6500368
2025-11-06,103885.16000000,104200.00000000,100300.95000000,101346.04000000,25814.62139000,2641767846.30582700,5755001
2025-11-07,101346.04000000,104096.36000000,99260.86000000,103339.08000000,32059.50942000,3251112979.30588400,6335759
2025-11-08,103339.09000000,103406.22000000,101454.00000000,102312.94000000,12390.77985000,1267165565.37527010,2743819
2025-11-09,102312.95000000,105495.62000000,101400.00000000,104722.96000000,16338.97096000,1687020822.36682080,3404204
2025-11-10,104722.95000000,106670.11000000,104265.02000000,106011.13000000,22682.25673000,2400141664.38934170,4710957
2025-11-11,106011.13000000,107500.00000000,102476.09000000,103058.99000000,24196.50718000,2532279071.00692150,5532149
2025-11-12,103059.00000000,105333.33000000,100813.59000000,101654.37000000,20457.63906000,2108514405.26087720,5314132
2025-11-13,101654.37000000,104085.01000000,98000.40000000,99692.02000000,36198.50771000,3654698026.54038050,8125404
2025-11-14,99692.03000000,99866.02000000,94012.45000000,94594.00000000,47288.14481000,4566085156.74720680,9551025
2025-11-15,94594.00000000,96846.68000000,94558.49000000,95596.24000000,15110.89391000,1449074019.06748560,4263558
2025-11-16,95596.23000000,96635.11000000,93005.55000000,94261.44000000,23889.40510000,2261295524.81733930,5141394
2025-11-17,94261.45000000,96043.00000000,91220.00000000,92215.14000000,39218.59806000,3674562070.23860600,8134322
2025-11-18,92215.14000000,93836.01000000,89253.78000000,92960.83000000,39835.14769000,3641033186.30045840,8786593
2025-11-19,92960.83000000,92980.22000000,88608.00000000,91554.96000000,32286.63760000,2925773651.25595790,6822174
2025-11-20,91554.96000000,93160.00000000,86100.00000000,86637.23000000,39733.19073000,3548950335.09842180,7841395
2025-11-21,86637.22000000,87498.94000000,80600.00000000,85129.43000000,72256.12679000,6061348756.34156410,11826480
2025-11-22,85129.42000000,85620.00000000,83500.00000000,84739.74000000,14193.93263000,1197657354.96903850,4697593
2025-11-23,84739.75000000,88127.64000000,84667.57000000,86830.00000000,19734.46418000,1708685030.27986950,5063493
2025-11-24,86830.00000000,89228.00000000,85272.00000000,88300.01000000,24663.12795000,2150393686.92031830,6189156
2025-11-25,88300.01000000,88519.99000000,86116.00000000,87369.96000000,19567.04110000,1708989000.03893710,4838747
2025-11-26,87369.97000000,90656.08000000,86306.77000000,90484.02000000,21675.82239000,1916851896.66996890,4668280
2025-11-27,90484.01000000,91950.00000000,90089.91000000,91333.95000000,16833.50932000,1535778106.57870780,3920172
2025-11-28,91333.94000000,93092.00000000,90180.63000000,90890.70000000,18830.86012000,1721418035.07955960,4229754
2025-11-29,90890.71000000,91165.65000000,90155.47000000,90802.44000000,7429.88291000,673725652.97876550,1677860
2025-11-30,90802.44000000,92000.01000000,90336.90000000,90360.00000000,9687.74175000,884051773.16553380,2154030
2025-12-01,90360.01000000,90417.00000000,83822.76000000,86286.01000000,34509.01227000,2977024047.22316070,7709685
2025-12-02,86286.01000000,92307.65000000,86184.39000000,91277.88000000,28210.22732000,2519515177.66236480,6397299
2025-12-03,91277.88000000,94150.00000000,90990.23000000,93429.95000000,25712.52585000,2386223626.86139030,6733182
2025-12-04,93429.95000000,94080.00000000,90889.00000000,92078.06000000,19803.94059000,1836645629.33462010,5856049
2025-12-05,92078.06000000,92692.36000000,88056.00000000,89330.04000000,19792.97218000,1788436983.81065460,5520352
2025-12-06,89330.04000000,90289.97000000,88908.01000000,89236.79000000,8409.50016000,753420679.80632590,2482221
2025-12-07,89236.80000000,91760.00000000,87719.28000000,90395.31000000,13021.11185000,1167866486.84552130,3953071
2025-12-08,90395.32000000,92287.15000000,89612.00000000,90634.34000000,15793.63887000,1436920018.89361330,5458731
2025-12-09,90634.35000000,94588.99000000,89500.00000000,92678.80000000,21240.43014000,1956261065.60717330,5940223
2025-12-10,92678.81000000,94476.00000000,91563.15000000,92015.37000000,18998.68083000,1758773276.24780480,6025707
2025-12-11,92015.38000000,93555.00000000,89260.63000000,92513.38000000,19972.58758000,1814322119.06584890,6250438
2025-12-12,92513.38000000,92754.00000000,89480.00000000,90268.42000000,16679.19169000,1521683425.56480040,4956719
2025-12-13,90268.43000000,90634.55000000,89766.39000000,90240.01000000,5895.70788000,532250544.59040150,1363754
2025-12-14,90240.00000000,90472.40000000,87577.36000000,88172.17000000,9416.94004000,839079130.83786510,3115749
2025-12-15,88172.16000000,90052.64000000,85146.64000000,86432.08000000,19778.69190000,1732823429.50172870,6747167
2025-12-16,86432.08000000,88175.98000000,85266.00000000,87863.42000000,18456.05017000,1604673428.65278360,6099692
2025-12-17,87863.43000000,90365.85000000,85314.00000000,86243.22000000,19834.11729000,1733348496.67035940,6058638
2025-12-18,86243.23000000,89477.61000000,84450.01000000,85516.41000000,25405.41763000,2204223872.66964650,6946947
2025-12-19,85516.41000000,89399.97000000,85110.24000000,88136.94000000,21256.65004000,1863236625.93286390,6482253
2025-12-20,88136.95000000,88573.07000000,87795.76000000,88360.90000000,5123.13194000,451919022.72775950,1174426
2025-12-21,88360.91000000,89081.77000000,87600.04000000,88658.86000000,7132.87258000,629720971.78666510,2030666
2025-12-22,88658.87000000,90588.23000000,87900.00000000,88620.79000000,14673.21970000,1310235631.74792590,4847747
2025-12-23,88620.79000000,88940.00000000,86601.90000000,87486.00000000,13910.32904000,1219899607.26775480,4465080
2025-12-24,87486.00000000,88049.89000000,86420.00000000,87669.45000000,9140.84320000,797460526.47384620,2877239
2025-12-25,87669.44000000,88592.74000000,86934.72000000,87225.27000000,7096.58235000,622970453.64976470,1992172
2025-12-26,87225.27000000,89567.75000000,86655.08000000,87369.56000000,18344.61505000,1616722115.63664600,4509482
2025-12-27,87369.56000000,87984.00000000,87253.05000000,87877.01000000,4469.55156000,391274205.27443600,957536
2025-12-28,87877.00000000,88088.75000000,87435.00000000,87952.71000000,4446.29285000,390327299.15027630,1241426
2025-12-29,87952.71000000,90406.08000000,86806.50000000,87237.13000000,19894.98575000,1762011993.03779530,4793589
2025-12-30,87237.13000000,89400.00000000,86845.66000000,88485.49000000,13105.91001000,1155016404.47867530,3542176
2025-12-31,88485.50000000,89200.00000000,87250.00000000,87648.22000000,11558.62047000,1019746835.27952680,2897396
2026-01-01,87648.21000000,88919.45000000,87550.43000000,88839.04000000,6279.57133000,552991635.29110020,1449281
2026-01-02,88839.05000000,90961.81000000,88379.88000000,89995.13000000,17396.97301000,1558958860.88708750,5010211
2026-01-03,89995.14000000,90741.16000000,89314.01000000,90628.01000000,7057.46716000,635514773.60936550,1684214
2026-01-04,90628.01000000,91810.00000000,90628.00000000,91529.73000000,10426.52970000,952160980.52120840,2207037
2026-01-05,91529.74000000,94789.08000000,91514.81000000,93859.71000000,20673.59584000,1927455243.54807600,5485489
2026-01-06,93859.71000000,94444.44000000,91262.94000000,93747.97000000,18546.41829000,1728045542.29837500,5018686
2026-01-07,93747.97000000,93747.97000000,90675.52000000,91364.16000000,14276.49025000,1311906952.97497360,4340252
2026-01-08,91364.16000000,91687.99000000,89311.00000000,91099.99000000,16132.79117000,1460622501.20738820,4923472
2026-01-09,91100.00000000,92082.55000000,89694.66000000,90641.28000000,15590.27939000,1416907180.18704820,4155703
2026-01-10,90641.27000000,90832.00000000,90404.00000000,90504.70000000,3104.11722000,281321375.48029810,766357
2026-01-11,90504.70000000,91283.89000000,90236.00000000,91013.65000000,5477.13594000,497245863.93194990,1282029
2026-01-12,91013.66000000,92519.95000000,90128.44000000,91296.20000000,16188.08268000,1479964862.26930640,4099509
2026-01-13,91296.20000000,96495.00000000,91042.66000000,95414.00000000,23021.51482000,2149770801.11770380,5025071
2026-01-14,95413.99000000,97924.49000000,94559.28000000,96951.78000000,22851.89428000,2201535821.64861470,5346212
2026-01-15,96951.78000000,97193.34000000,95134.48000000,95604.80000000,21725.81369000,2093008182.84373360,4493095
2026-01-16,95604.81000000,95871.47000000,94293.46000000,95550.94000000,11167.71460000,1064019408.07725140,2971559
2026-01-17,95550.94000000,95639.45000000,95021.67000000,95147.77000000,4280.80137000,408161941.67190790,1020527
2026-01-18,95147.77000000,95531.12000000,93615.40000000,93673.14000000,6895.17819000,654773743.26771180,1488785
2026-01-19,93673.14000000,93673.14000000,91910.20000000,92631.00000000,14295.52747000,1326770336.04904700,3359066
2026-01-20,92630.99000000,92870.00000000,87895.98000000,88427.66000000,22007.32610000,1989676668.59417830,6064031
2026-01-21,88427.66000000,90574.00000000,87263.53000000,89454.73000000,20617.50372000,1837708115.35970330,6419053
2026-01-22,89454.73000000,90359.99000000,88515.37000000,89559.67000000,10825.50492000,969910623.35598860,3743412
2026-01-23,89559.68000000,91224.99000000,88578.36000000,89600.26000000,13918.48919000,1248772265.67884300,4619907
2026-01-24,89600.26000000,89957.39000000,89162.08000000,89225.34000000,4226.56737000,378464146.09188120,959854
2026-01-25,89225.34000000,89319.13000000,86074.72000000,86670.36000000,14426.22019000,1264233689.84158100,3720178
2026-01-26,86670.36000000,88860.00000000,86509.63000000,88347.08000000,17766.51453000,1560135758.98921480,4798083
2026-01-27,88347.08000000,89523.16000000,87304.33000000,89250.00000000,13125.40425000,1160026853.58950320,3787336
2026-01-28,89249.99000000,90600.00000000,88833.65000000,89299.99000000,14332.18502000,1283919840.85147180,4385791
2026-01-29,89300.00000000,89348.00000000,83383.33000000,84650.16000000,30431.38201000,2610381587.91000350,5598749
2026-01-30,84650.16000000,84735.75000000,81118.00000000,84260.49000000,35195.84793000,2918624066.48183200,8998829
2026-01-31,84260.50000000,84270.02000000,75719.90000000,78741.09000000,39491.89133000,3155264093.62304410,7384976
2026-02-01,78741.10000000,79424.00000000,75700.00000000,76968.21000000,25395.48168000,1974920557.04738660,8001906
2026-02-02,76968.22000000,79360.00000000,74604.00000000,78738.61000000,42273.59016000,3260752444.46132960,10085578
2026-02-03,78738.60000000,79186.81000000,72945.50000000,75770.21000000,39120.10889000,2986903008.57479190,9199445
2026-02-04,75770.21000000,76971.52000000,71888.00000000,73165.83000000,38375.36000000,2852834631.53914640,10724002
2026-02-05,73165.84000000,73341.18000000,62345.00000000,62909.86000000,106298.82899000,7198745594.28069360,15364010
2026-02-06,62909.87000000,71751.33000000,60000.00000000,70580.26000000,92539.21531000,6134056670.61150540,13228528
2026-02-07,70580.26000000,71690.07000000,67300.00000000,69289.38000000,44255.48036000,3058983879.06915240,7167427
2026-02-08,69289.37000000,72271.41000000,68888.00000000,70330.38000000,21420.53168000,1510003758.65284210,4870449
2026-02-09,70330.38000000,71453.53000000,68308.00000000,70138.00000000,29152.72842000,2038959539.42097760,6644769
2026-02-10,70138.00000000,70527.59000000,67800.00000000,68841.29000000,20373.77072000,1408623623.35992530,4558658
2026-02-11,68841.28000000,69292.88000000,65756.00000000,67082.52000000,28718.24602000,1930513947.54411460,6956577
2026-02-12,67082.52000000,68410.52000000,65118.00000000,66272.17000000,24271.74283000,1622162145.33420660,6778280
2026-02-13,66272.17000000,69482.97000000,65872.46000000,68853.96000000,20244.54955000,1371286022.33005480,6450842
2026-02-14,68853.97000000,70560.01000000,68730.13000000,69822.95000000,18114.78393000,1260259314.36002640,3803163
2026-02-15,69822.94000000,70983.00000000,68000.00000000,68832.58000000,22290.05208000,1545094572.13681450,4598633
2026-02-16,68832.59000000,70126.67000000,67294.11000000,68892.43000000,15515.76534000,1062797918.25359710,5233849
2026-02-17,68892.43000000,69241.50000000,66621.06000000,67503.52000000,16489.06921000,1117987651.29481200,5994853
2026-02-18,67503.52000000,68476.22000000,65870.00000000,66461.00000000,15492.43839000,1040493524.65212360,4548997
2026-02-19,66461.00000000,67320.00000000,65631.83000000,67003.73000000,14542.26988000,968863572.78215260,4679351
2026-02-20,67003.73000000,68318.39000000,66280.20000000,68020.01000000,35351.87091000,2378079150.56784730,5044912
2026-02-21,68020.00000000,68698.70000000,67534.69000000,67975.93000000,8032.84131000,547592078.84719890,1593539
2026-02-22,67975.93000000,68245.00000000,67190.00000000,67643.40000000,8175.13484000,553613335.57741360,2160900
2026-02-23,67643.39000000,67684.86000000,63888.79000000,64656.02000000,33075.90923000,2158158656.12151660,8268695
2026-02-24,64656.01000000,65026.75000000,62510.28000000,64058.15000000,23102.83622000,1469512159.71993510,7553629
2026-02-25,64058.15000000,69988.83000000,63913.27000000,67988.04000000,30749.99259000,2064089702.84443500,7096715
2026-02-26,67988.04000000,68860.00000000,66500.00000000,67485.18000000,20737.77792000,1404774665.56456080,5426137
2026-02-27,67485.19000000,68216.80000000,64914.46000000,65872.10000000,21228.58424000,1412033823.56197280,3856064
2026-02-28,65872.09000000,67760.00000000,63030.00000000,66973.26000000,22548.71649000,1462864408.26156650,5268514
2026-03-01,66973.26000000,68199.99000000,65056.00000000,65776.47000000,23201.85859000,1545783742.90620010,5312013
2026-03-02,65776.48000000,70096.00000000,65259.21000000,68830.06000000,32010.38431000,2164578841.84591730,8397526
2026-03-03,68830.06000000,69258.08000000,66158.00000000,68338.00000000,24972.24180000,1691848669.94301820,7648119
2026-03-04,68338.01000000,74050.00000000,67400.00000000,72666.77000000,44919.07610000,3202864447.63246060,8618302
2026-03-05,72666.77000000,73558.15000000,70645.47000000,70890.72000000,26590.51253000,1917514690.38783410,6709160
2026-03-06,70891.02000000,71419.98000000,67744.78000000,68114.02000000,22629.88722000,1574601198.87488800,5302899
2026-03-07,68114.02000000,68551.04000000,66915.26000000,67262.91000000,12719.54315000,861729861.85304880,2067476
2026-03-08,67262.91000000,68200.00000000,65618.49000000,65971.20000000,21593.63901000,1447522160.31545460,3028392
2026-03-09,65971.20000000,69516.65000000,65821.97000000,68432.16000000,28896.72130000,1967622051.44968020,5093667
2026-03-10,68432.16000000,71777.00000000,68391.41000000,69948.63000000,32602.57726000,2292525621.44052050,5176064
2026-03-11,69948.64000000,71321.00000000,68977.91000000,70191.86000000,27249.27542000,1911300596.23416780,4759855
2026-03-12,70191.86000000,70800.00000000,69205.91000000,70541.34000000,21997.16050000,1540745224.51010620,4344059
2026-03-13,70541.34000000,73913.74000000,70386.01000000,70930.00000000,35996.61678000,2591768526.29614710,5312490
2026-03-14,70930.01000000,71307.92000000,70317.00000000,71211.95000000,13017.24737000,921308630.94627690,1661739
2026-03-15,71211.95000000,73199.00000000,70858.82000000,72815.24000000,14037.30704000,1007334955.24365140,2509013
2026-03-16,72815.25000000,74909.08000000,72270.41000000,74884.67000000,28409.53019000,2095859511.56486360,5396482
2026-03-17,74884.67000000,76000.00000000,73399.19000000,73909.36000000,24521.26636000,1825976731.33267320,4863187
2026-03-18,73909.37000000,74672.34000000,70500.00000000,71246.54000000,23392.88093000,1692949838.97774240,4733897
2026-03-19,71246.55000000,71613.79000000,68793.35000000,69930.00000000,22364.81819000,1566573949.86041240,4972526
2026-03-20,69930.01000000,71367.00000000,69388.00000000,70510.73000000,18121.16745000,1273812840.68867040,4369971
2026-03-21,70510.73000000,71100.94000000,68571.42000000,68918.12000000,13397.16750000,942693882.02642400,1640086
2026-03-22,68918.12000000,69588.79000000,67360.66000000,67859.00000000,14843.78682000,1018926475.31969740,3269152
2026-03-23,67859.00000000,71817.09000000,67445.18000000,70906.45000000,28335.09119000,1980755169.23169410,6509730
2026-03-24,70906.45000000,71400.00000000,68923.07000000,70556.74000000,20702.42244000,1455361229.20996450,4191328
2026-03-25,70556.74000000,72026.09000000,70408.00000000,71336.53000000,17719.50066000,1261017988.53943220,3298902
2026-03-26,71336.53000000,71436.82000000,68153.00000000,68820.31000000,20820.45768000,1447699734.33983910,3597702
2026-03-27,68820.31000000,69179.05000000,65548.25000000,66407.28000000,28603.69557000,1917318222.70991300,4159306
2026-03-28,66407.28000000,67288.94000000,65932.09000000,66377.03000000,11462.39847000,762676255.44706050,1687368
2026-03-29,66377.04000000,67130.50000000,65000.00000000,66010.93000000,10052.85584000,667003517.60598700,2146177
2026-03-30,66010.93000000,68169.65000000,65800.59000000,66797.37000000,18353.38975000,1234617690.89207520,3902849
2026-03-31,66797.38000000,68589.49000000,65998.05000000,68284.48000000,22105.40662000,1490168487.45487460,4846820
2026-04-01,68284.49000000,69310.00000000,67578.75000000,68113.92000000,19020.18990000,1301708227.07452430,3741910
2026-04-02,68113.92000000,68653.38000000,65712.12000000,66901.99000000,20203.47916000,1349223461.52705720,4189133
2026-04-03,66901.99000000,67370.42000000,66282.00000000,66964.30000000,11429.13131000,763535606.97778810,2023104
2026-04-04,66964.29000000,67562.93000000,66775.91000000,67300.42000000,7373.51613000,494932017.42324420,1356179
2026-04-05,67300.42000000,69136.20000000,66611.66000000,69034.18000000,11733.46752000,791661977.32345030,2106257
2026-04-06,69034.18000000,70351.46000000,68300.00000000,68853.66000000,20281.61044000,1408020173.09616270,4695523
2026-04-07,68853.66000000,72761.00000000,67732.01000000,71924.22000000,23750.49661000,1649637855.84269690,4871706
2026-04-08,71924.22000000,72857.00000000,70707.23000000,71069.93000000,19802.68627000,1418484188.05212380,3843988
2026-04-09,71069.93000000,73145.00000000,70466.00000000,71787.97000000,18158.42159000,1300323816.00933610,3773025
2026-04-10,71787.98000000,73434.00000000,71426.15000000,72962.70000000,17372.63288000,1259195636.05566300,3176308
2026-04-11,72962.71000000,73790.00000000,72513.09000000,73043.16000000,9070.94374000,662437113.70967020,1472041
2026-04-12,73043.16000000,73137.24000000,70505.88000000,70740.98000000,13472.46801000,962825891.81659110,2068779
2026-04-13,70741.56000000,74900.00000000,70566.99000000,74417.99000000,24230.21625000,1753370318.18416590,3673539
2026-04-14,74418.00000000,76038.00000000,73795.47000000,74131.55000000,26532.94456000,1982728989.60721990,4033448
2026-04-15,74131.55000000,75425.00000000,73514.00000000,74809.99000000,14425.04167000,1071448612.53702190,3187792
2026-04-16,74809.99000000,75534.76000000,73309.85000000,75154.29000000,17088.68777000,1274894123.74961140,3581890
2026-04-17,75154.28000000,78333.00000000,74529.40000000,77072.00000000,25941.36694000,1987343208.84067000,4931167
2026-04-18,77072.01000000,77420.08000000,75445.16000000,75691.76000000,9141.84456000,698008567.93400730,1941112
2026-04-19,75691.76000000,76240.66000000,73762.90000000,73801.79000000,11369.82232000,854915370.44079150,2739751
2026-04-20,73801.80000000,76558.62000000,73724.31000000,75840.97000000,16993.41034000,1280503914.37107510,3563591
2026-04-21,75840.97000000,76927.57000000,74821.57000000,76336.15000000,14912.57132000,1132118272.55831110,3616213
2026-04-22,76336.14000000,79472.82000000,76132.95000000,78178.23000000,19737.51225000,1543732085.54633380,3757077
2026-04-23,78178.22000000,78662.50000000,76960.00000000,78257.48000000,16970.79501000,1321349698.35424610,3571796
2026-04-24,78257.48000000,78581.93000000,77264.08000000,77437.13000000,12675.14315000,986932564.60019650,2581973
2026-04-25,77437.13000000,77885.35000000,77140.23000000,77625.00000000,5685.11420000,440684004.34515350,806542
2026-04-26,77625.00000000,78961.00000000,77326.51000000,78657.55000000,7963.56162000,621991973.48480000,1476971
2026-04-27,78657.55000000,79485.66000000,76459.64000000,77371.32000000,16046.92418000,1247833550.08419230,2982889
2026-04-28,77371.32000000,77478.00000000,75666.60000000,76342.77000000,13210.72383000,1010412673.55502120,2352446
2026-04-29,76342.78000000,77904.93000000,74937.52000000,75780.00000000,18279.93022000,1399735858.34552810,3032890
2026-04-30,75780.00000000,76669.14000000,75323.65000000,76346.57000000,10381.81607000,790584591.68915400,2569480
2026-05-01,76346.58000000,78914.12000000,76320.42000000,78231.13000000,17315.46502000,1347837835.91956420,2388458
2026-05-02,78231.13000000,79199.48000000,78040.00000000,78686.85000000,6150.87642000,482238389.44940980,936143
2026-05-03,78686.84000000,79447.00000000,78084.08000000,78568.57000000,7425.79290000,584294330.45162860,1352474
2026-05-04,78568.58000000,80776.99000000,78202.00000000,79861.01000000,26042.96135000,2074174850.51143910,3734604
2026-05-05,79861.01000000,81791.48000000,79808.72000000,80905.52000000,16947.17995000,1374319029.23093610,2490930
2026-05-06,80905.53000000,82850.00000000,80731.14000000,81447.01000000,18798.77396000,1535650624.76124830,2794707
2026-05-07,81447.01000000,81708.32000000,79500.00000000,80006.00000000,16154.80338000,1300766382.10233390,2540329
2026-05-08,80006.00000000,80500.00000000,79181.48000000,80193.17000000,16001.31009000,1278566045.41726180,2265372
2026-05-09,80193.18000000,81080.00000000,80129.85000000,80678.40000000,7548.42177000,607596225.98642010,1002373
2026-05-10,80678.41000000,82479.32000000,80279.77000000,82210.07000000,12034.31882000,977223714.26347450,1801608
2026-05-11,82210.07000000,82380.00000000,80462.97000000,81745.65000000,12951.76056000,1053193670.87575560,2576396
2026-05-12,81745.66000000,81788.00000000,79843.59000000,80504.47000000,12386.25676000,1000180167.44067700,2345137
2026-05-13,80504.47000000,81324.64000000,78754.65000000,79313.61000000,14810.05643000,1184929842.86882360,2350570
2026-05-14,79313.61000000,82048.13000000,78922.00000000,81089.99000000,19727.86807000,1590656475.01879700,3101046
2026-05-15,81090.00000000,81664.45000000,78659.00000000,79113.21000000,17351.27079000,1387152674.36886820,3184114
2026-05-16,79113.20000000,79227.77000000,77640.00000000,78148.05000000,12132.86192000,949890656.65885100,1597661
2026-05-17,78148.05000000,78599.99000000,76735.16000000,77457.67000000,8442.70220000,658061481.64485200,1570433
2026-05-18,77457.67000000,77800.00000000,76051.00000000,77001.87000000,18745.51678000,1439862031.89197120,3529328
2026-05-19,77001.88000000,77414.62000000,76144.71000000,76834.36000000,11024.85978000,846904378.30780350,2315121
2026-05-20,76834.36000000,77853.04000000,76516.74000000,77552.23000000,11296.26307000,873091271.47163510,2437754
2026-05-21,77552.24000000,78200.00000000,76719.47000000,77615.52000000,11318.25841000,878168697.22774920,2473146
2026-05-22,77615.52000000,77900.00000000,75359.18000000,75539.50000000,11272.36134000,866200460.91045950,2370783
2026-05-23,75539.50000000,77404.18000000,74289.60000000,76752.01000000,15086.88814000,1138996605.77381600,2103536
2026-05-24,76752.00000000,77543.15000000,76108.00000000,77064.96000000,8398.00156000,644925517.61131600,1612969
2026-05-25,77064.96000000,77905.52000000,76914.25000000,77322.01000000,7672.32197000,593868004.99759730,1778509
2026-05-26,77322.01000000,78080.00000000,75677.97000000,75930.01000000,16953.47629000,1299609317.69759170,3360745
2026-05-27,75930.01000000,76174.15000000,74243.99000000,74449.30000000,16877.77483000,1270680262.90882430,3367068
2026-05-28,74449.31000000,74590.77000000,72582.82000000,73617.51000000,21274.02026000,1560808525.50727460,3799713
2026-05-29,73617.52000000,74514.10000000,72512.49000000,73460.78000000,18686.74141000,1376106492.90642700,2897318
2026-05-30,73460.78000000,74143.76000000,73216.00000000,73884.38000000,7515.40909000,553989386.11152070,1124406
2026-05-31,73884.38000000,74275.66000000,73400.00000000,73674.39000000,6986.45707000,515907532.58919720,1363437
2026-06-01,73674.39000000,74092.00000000,70686.68000000,71408.90000000,23921.09184000,1723958338.68287760,4237773
2026-06-02,71408.90000000,71408.90000000,66193.00000000,66760.83000000,32858.19586000,2253348577.98312800,6250677
2026-06-03,66760.84000000,67516.00000000,64092.49000000,64142.75000000,30138.30650000,1998349981.89294380,6676358
2026-06-04,64142.75000000,64764.32000000,61383.56000000,63885.99000000,43577.17571000,2759349733.48938320,9057976
2026-06-05,63885.99000000,63978.00000000,59130.91000000,61056.47000000,55027.28807000,3379021750.50332800,11658856
2026-06-06,61056.47000000,61530.05000000,59500.00000000,60884.62000000,19795.58877000,1202325958.46823350,5000874
2026-06-07,60884.62000000,64234.68000000,60746.00000000,63332.01000000,26612.10443000,1656650772.81370800,4752461
2026-06-08,63332.01000000,64200.00000000,62408.00000000,63085.99000000,23053.38624000,1462563286.75122030,4887564
2026-06-09,63086.00000000,63526.01000000,60780.00000000,61730.00000000,21636.21959000,1347322049.16234040,4347332
2026-06-10,61730.00000000,62857.99000000,60755.00000000,61510.99000000,15998.71652000,986710883.58937470,4655686
2026-06-11,61510.99000000,63933.02000000,61510.99000000,63625.99000000,17380.94642000,1093211866.43388520,3446803
2026-06-12,63626.00000000,63953.84000000,62829.81000000,63630.00000000,10089.08436000,640298828.35338200,1754954
